TIME;ALT;LAT;LON;MASS;DYNPRESS;BEARING;HEADING;VERTSPEED;GROUNDSPEED;ANGMOMX;ANGMOMY;ANGMOMZ;ANGVELX;ANGVELY;ANGVELZ;MACH;TEMP_K;AIRDENS;PRESS_PA;THRUST;ACCX;ACCY;ACCZ;SENSORSPRES;SENSORSTEMP;GRAVX;GRAVY;GRAVZ;MACH_FERRAM;CL_FERRAM;CD_FERRAM;Q_FERRAM;REFAREA_FERRAM;AOA_FERRAM;AOS_FERRAM;AEROFORCE_X_FERRAM;AEROFORCE_Y_FERRAM;AEROFORCE_Z_FERRAM
00:00:00;97.9866745742038;28.6083850860596;-80.599739074707;0.302834868431091;1.63861922291834E-17;90.0027465820313;0;3.29587230396555E-06;5.11980072275054E-05;-1.49484048961313E-05;1.1627685125859E-07;7.25725767551921E-05;-1.71153533301549E-05;3.88941152777988E-05;-1.53566252265591E-05;0.00440049515393441;282.249359130859;1.2361811559365;100157.783508301;26.0284719467163;1.70187960331454E-05;-1.96006428532778E-05;-0.000108838098657138;100.187843322754;294.577617536009;-8.18691519540227;-4.70199108755708;-2.70131140512997;4.8656492069423E-09;0;0;1.92747461207051E-15;0.117260956744725;84.9793289602967;82.8218685672587;0;0;0
00:00:00;140.227675765753;28.6083850860596;-80.5998306274414;0.288783192634583;0.0301577878583915;90.0543518066406;1.94500762518146E-06;78.7414229002658;16.9132895074289;-0.00226817675866187;1.08823883238074E-06;0.0307327546179295;-0.00832820683717728;0.0163293946534395;-0.00416908739134669;0.243808177638813;282.137847900391;1.23050225544077;99658.2794189453;26.0397186279297;68.2768613523758;35.9557612668858;3.42822446560903;99.7048950195313;294.582972275901;-8.1868108367578;-4.7019287308352;-2.70126286936487;0.209242927158296;7.20081328174933E-05;0.00217851159045177;2.9260266474202;0.117260956744725;0.00635056933078396;0.0962777448488114;-0.000507292512338609;-0.000477955618407577;-0.00109469471499324
00:00:02;267.7033003252;28.6083850860596;-80.6001281738281;0.274731487035751;0.140288059297564;90.0815353393555;-3.89001525036292E-06;160.838892271912;37.8176014791761;0.000188284626347013;2.82322094591336E-08;0.0235247686505318;-0.00654052849858999;0.0126263285055757;-0.00204230914823711;0.4958454215219;281.788787841797;1.21355480849763;98164.1082763672;26.0737333297729;71.8808413562243;37.5475756536244;2.14904554272701;98.2289352416992;294.587519450926;-8.18649727683626;-4.70174053635936;-2.70111230853954;0.454673792010156;2.01844410337457E-06;0.00198317549783268;13.9245216293172;0.117260956744725;0.00125261683999312;-0.00233936188610749;-0.00285873259417713;-0.00151175959035754;-0.000166624056873843
00:00:03;484.034508595243;28.6083850860596;-80.6006622314453;0.260679811239243;0.335734092988027;90.0887145996094;9.7250381259073E-07;246.159952739071;60.9988772626398;-0.000209469071705826;-1.18261277748388E-06;0.0154422298073769;-0.00429214537143707;0.00826601684093475;-0.00154297996778041;0.759488878129517;281.154357910156;1.18543205601571;95673.3779907227;26.126410484314;74.7374225520522;38.8476233874247;1.0955722058838;95.7559051513672;294.588354395766;-8.18596676443954;-4.70142116105011;-2.70085211490646;0.712400516696185;1.38854801029256E-05;0.0233473087057452;33.5664105783783;0.117260956744725;-5.47516222294054E-05;-0.00234783208774765;-0.0812745541334152;-0.0427350215613842;-0.00360385095700622
00:00:04;791.441992335022;28.6083831787109;-80.6014633178711;0.246628120541573;0.606955721010163;90.0940551757813;-2.91751075565116E-06;331.650723983653;85.2517272868514;-0.000269119773292914;2.26849670070806E-06;0.0118807600811124;-0.00325704086571932;0.00638193264603615;-0.00125212874263525;1.0252478027542;280.164978027344;1.14678945795489;92228.9276123047;26.1903657913208;73.4668220460818;38.0327432840143;0.194794574485618;92.3274459838867;294.591629687715;-8.18521455581764;-4.70096736105838;-2.70047773500152;0.975489007573689;3.78918568504358E-05;0.0659120290990566;60.9366231431026;0.117260956744725;-0.000384640295930147;-0.00141838222532283;-0.416978389024735;-0.218498319387436;-0.0142705049365759
00:00:05;1182.77302584331;28.6083812713623;-80.6025085449219;0.232576429843903;0.881772676243624;90.0971069335938;2.91751121039852E-06;403.469102652923;106.734119169394;-5.454008714878E-05;2.60599881585222E-06;0.0100412033498287;-0.00275690900161862;0.0054187374189496;-0.000955165131017566;1.25101199212823;278.76416015625;1.09969982410136;87999.6032714844;26.255202293396;60.4691977677065;31.1316107721187;-0.831108394129678;88.1091690063477;294.7732200361;-8.1842586840939;-4.70038974920848;-2.69999659445601;1.20358579129194;3.70509356836196E-05;0.0773121900295249;88.8234282578094;0.117260956744725;-0.000377615839904924;-0.00118251110132045;-0.713495016098022;-0.372815400362015;-0.0188672766089439
00:00:06;1649.95694431849;28.6083793640137;-80.6037902832031;0.218524739146233;1.18815455727983;90.100959777832;3.89001479561557E-06;478.147869523479;129.572492030241;-0.000170419851201586;-7.9581644740756E-07;0.008645074442029;-0.00241317227482796;0.00464097689837217;-0.000899334903806448;1.4896422752783;276.899078369141;1.0463400555272;83169.4793701172;26.3117141723633;67.9927806952329;34.9689662073233;-1.15684827342157;83.2886428833008;295.209030624384;-8.18311931332952;-4.69970030187989;-2.69941762397646;1.43698707676992;3.47917257672137E-05;0.111768487346629;119.748067461458;0.117260956744725;1.85512551825633E-05;-0.000854944406324234;-1.3915718793869;-0.725178897380829;-0.0273282695561647
00:00:08;2665.73432879988;28.6083755493164;-80.6066741943359;0.167060106992722;0.991414092258789;90.1135177612305;-6.80752600601409E-06;448.599856452062;127.049760465745;-0.000131060995045118;-0.000754624896217138;0.00438453909009695;-0.0163400825113058;-0.00213452614843845;-0.00122426054440439;1.40946171265141;272.208374023438;0.93994971243666;73447.280883789;4.55411911010742;-25.885687568646;-13.9232498652835;-2.85351425700128;73.5476303100586;296.846462270131;-8.18064722492321;-4.69820174753259;-2.69814612958663;1.39685873491983;0.000371643908439104;0.114553581935352;100.811970589103;0.0569314777831337;0.000153947558758403;-0.0022804761004864;-0.582538187503815;-0.304774671792984;-0.00566752068698406
00:00:09;3139.23111550696;28.6083736419678;-80.6080627441406;0.164945304393768;0.921485699503092;90.1316528320313;-1.94500717043411E-06;445.075523006327;129.061304734829;7.81518610892817E-05;-0.000369881774531677;0.00459472648799419;-0.00947342906147242;0.00178371672518551;-0.000976607669144869;1.40729179389243;269.767425537109;0.894373499683153;69259.2926025391;4.55542182922363;-1.80847228797846;-1.44607073300602;-2.7019712388324;69.3540954589844;297.625965374129;-8.17949752428059;-4.69750338365025;-2.69754694317254;1.38681180597961;0.000376607806849094;0.111443008539001;93.4747840533431;0.0569314777831337;0.000900127135302469;-0.00195188768047152;-0.525730848312378;-0.274471670389175;-0.00138476898428053
00:00:10;3609.67154995073;28.6083698272705;-80.6094741821289;0.162830501794815;0.870699624811955;90.1466369628906;0;442.799245638118;131.485619652105;0.000110160013718996;-0.000188349717063829;0.00468646315857768;-0.00622112490236759;0.0036101236473769;-0.000969266809988767;1.40950459383961;267.209197998047;0.851326066923062;65300.5676269531;4.55540084838867;-0.724632648722243;-0.892928785538495;-2.75332960051689;65.3903579711914;298.327559977444;-8.17835707290695;-4.69680962114521;-2.6969470717876;1.38831049720047;0.000376447561516505;0.112322156310378;88.3133404198225;0.0569314777831337;0.000795154039645847;-0.00197522825948579;-0.500895202159882;-0.260826498270035;0.00228419480845332
00:00:11;4078.33298116736;28.6083660125732;-80.6109161376953;0.160715699195862;0.827293208036678;90.1610412597656;1.94500717043411E-06;441.681338133716;134.314417504549;0.000124559985124506;-9.94429356069304E-05;0.00478511862456799;-0.00466012116521597;0.00456624012440443;-0.000992831424809992;1.41585819137122;264.548248291016;0.810468923904188;61547.5654602051;4.55438184738159;0.281637269024303;-0.383655633122162;-2.82026084786575;61.6328010559082;298.975975781432;-8.17722279704266;-4.69611857486341;-2.69634480070154;1.39390463670277;0.000376246942969365;0.114242823041141;83.9023963026442;0.0569314777831337;0.000810910394769618;-0.00201574290394931;-0.484270304441452;-0.251489669084549;0.00570601178333163
00:00:12;4546.38780624326;28.608362197876;-80.6123962402344;0.158600896596909;0.789916067479598;90.1746520996094;-9.72503585217055E-07;441.615361017447;137.533438272356;0.000135695561766624;-5.43353271496017E-05;0.00487670628353953;-0.00389374373480678;0.00510090449824929;-0.00101673393510282;1.4260630507382;261.798065185547;0.771517653895958;57980.4954528809;4.55261945724487;1.19345879148026;0.073934882609372;-2.90138697921374;58.0615539550781;299.583368624638;-8.17609188918597;-4.69542851539383;-2.69573852327467;1.40331585679123;0.000376097867823924;0.116999462326393;80.1048052979786;0.0569314777831337;0.000817863095039108;-0.00201004538225472;-0.473757386207581;-0.245308473706245;0.0092106843367219
00:00:13;5014.88835788704;28.6083583831787;-80.6139068603516;0.156486093997955;0.757396512269577;90.1875;0;442.48923653425;141.124677013469;0.000147512284456752;-2.92652021016693E-05;0.00495886104181409;-0.00348757021129131;0.00543657317757607;-0.0010344838956371;1.43981118273961;258.971740722656;0.734238573306748;54583.2252502441;4.5503134727478;2.01950834337626;0.484743713464879;-2.99507698386874;54.6604232788086;300.158357360076;-8.1749618433418;-4.69473789127992;-2.69512676305304;1.41623212492481;0.000375824943540233;0.120744986945961;76.8014017308723;0.0569314777831337;0.000815696404704568;-0.00204646124620381;-0.46899139881134;-0.242114067077637;0.012710559181869
00:00:14;5484.78555525001;28.6083545684814;-80.6154556274414;0.154371291399002;0.728832947782193;90.19970703125;-1.94500739780779E-06;444.222547432471;145.078175150227;0.00015315726341214;-1.59479532158002E-05;0.00502766529098153;-0.00328760198317468;0.00564533658325672;-0.00105331011582166;1.45689171814719;256.08251953125;0.698432767297928;51342.1630859375;4.5476222038269;2.7846465616436;0.86183561125701;-3.10036717895593;51.415771484375;300.708028812753;-8.17383040864287;-4.69404530143818;-2.69450815236344;1.43243560185664;0.000375483693617761;0.125409653236661;73.9003626507407;0.0569314777831337;0.000820594972688603;-0.00205514301528653;-0.468924254179001;-0.241332396864891;0.0163596514612436
00:00:15;5956.95264494605;28.6083488464355;-80.617057800293;0.152256488800049;0.703491952981502;90.2112426757813;-9.72503357843379E-07;446.746614974384;149.386245909663;0.000153030356159434;-9.52960090216948E-06;0.00509233539924026;-0.00321087194606662;0.0057834954932332;-0.00107530842069536;1.47712588533894;253.143981933594;0.663937650104687;48246.3569641113;4.54467391967773;3.49549005476491;1.20883594585663;-3.21630286182166;48.3165817260742;301.238526511577;-8.17269553096958;-4.69334946009281;-2.69388140374363;1.45174638236817;0.000374774978368642;0.130959342150481;71.3271397524366;0.0569314777831337;0.0008203978918823;-0.00205919072779806;-0.47281888127327;-0.242581948637962;0.0201576109975576
00:00:16;6432.19392654579;28.6083431243896;-80.6186981201172;0.150141686201096;0.680751151300368;90.22216796875;-9.72503357843379E-07;449.999684621212;154.042169341325;0.000156780515681021;-5.90868148719892E-06;0.00514481728896499;-0.00317836552858353;0.00588259799405932;-0.0010877187596634;1.50035044318778;250.170471191406;0.630614348368523;45286.5791320801;4.54156970977783;4.15745331035209;1.5286790646094;-3.34198325497191;45.3536109924316;301.755353067943;-8.17155533102224;-4.69264918386157;-2.69324530049539;1.47400020219626;0.000374562590401929;0.137472649743823;69.0184908930328;0.0569314777831337;0.00083207182909835;-0.00204954346078272;-0.480452537536621;-0.245689436793327;0.0243931245058775
00:00:17;6911.25151515473;28.6083374023438;-80.6203994750977;0.148026883602142;0.660079063351961;90.2325134277344;-2.91750961878279E-06;453.925950347389;159.039911775312;0.000161033967742696;-2.69629458671261E-06;0.00518896337598562;-0.00314840790815651;0.00596850458532572;-0.0010974999750033;1.52641269413071;247.177368164063;0.598346887324011;42455.2459716797;4.53839206695557;4.77520449218072;1.82403525573284;-3.47646646437168;42.5192413330078;302.263422192183;-8.17040808721064;-4.69194338176191;-2.69259868963552;1.49904445298726;0.000374408004667334;0.144905376130138;66.9203983018565;0.0569314777831337;0.000828795868768095;-0.00206324656950205;-0.491196006536484;-0.250347435474396;0.028976283967495
00:00:19;7394.81115321163;28.6083316802979;-80.6221542358398;0.145912081003189;0.64119543493622;90.2423095703125;-1.94500671568676E-06;458.474122632039;164.373824241075;0.00015959948359523;-1.50097173445829E-06;0.00522301439195871;-0.00314909196458757;0.00602271035313606;-0.00111022335477173;1.55516333003601;244.181427001953;0.56703489515389;39745.8724975586;4.53520727157593;5.35120194048265;2.09636188512146;-3.61891649349649;39.8069648742676;302.767110561963;-8.16925222092915;-4.69123104659415;-2.69194047595525;1.52695052014099;0.000373347538805354;0.153092547916682;65.0034854596583;0.0569314777831337;0.000815737102776943;-0.00204810313463541;-0.504217863082886;-0.256152451038361;0.0337676890194416
00:00:20;7883.50341783743;28.6083240509033;-80.6239700317383;0.143797278404236;0.624019080923796;90.2515869140625;9.72503244156542E-07;463.590698764286;170.036197987317;0.000164935496286489;-3.30185301322672E-08;0.00525202276185155;-0.0031420944724232;0.00607545161619782;-0.00111347751226276;1.5864309266106;241.201049804688;0.53659065989348;37152.83203125;4.53206825256348;5.88211277815608;2.34411393175105;-3.76797693141434;37.2111549377441;303.270134544477;-8.16808629289677;-4.69051125312323;-2.69126962222084;1.55801504149735;0.000372098617051813;0.162175238825787;63.2602479786616;0.0569314777831337;0.000824086669279583;-0.00200465781207693;-0.519918978214264;-0.263268142938614;0.0389935486018658
00:00:21;8377.90298963711;28.6083183288574;-80.625846862793;0.141682475805283;0.608049571084696;90.2603988647461;-4.86251565234852E-06;469.225527163947;176.019296602145;0.000171021543792449;1.18456284781132E-06;0.00527608580887318;-0.00313670327886939;0.00612047454342246;-0.00111435086000711;1.6199628488277;238.278823852539;0.506892098719836;34671.3371276855;4.52901554107666;6.37362996140685;2.57038033039569;-3.92295181755329;34.7269859313965;303.775505145225;-8.16690900411846;-4.68978315912167;-2.69058515205092;1.59200795636182;0.000371248056234098;0.172166564149534;61.6403707689612;0.0569314777831337;0.000858453351394063;-0.00200471284045651;-0.537902593612671;-0.271467059850693;0.0447655841708183
00:00:22;8878.53727050219;28.6083087921143;-80.6277847290039;0.139567673206329;0.592806527748771;90.268684387207;6.80752145854058E-06;475.34098470116;182.318921262662;0.000170384941156954;1.11815143100102E-06;0.00528593827039003;-0.00314614037051797;0.00613561039790511;-0.00111836800351739;1.65546185606914;235.475860595703;0.477815615161202;32298.0537414551;4.52608299255371;6.83961515335589;2.78236328864166;-4.08418998973581;32.3510932922363;304.285851797897;-8.16571917459131;-4.68904599262522;-2.68988613988551;1.62862573769802;0.00037154525033772;0.183043448669551;60.094747837084;0.0569314777831337;0.000834847270881664;-0.00199402045111119;-0.557601869106293;-0.280436784029007;0.0511794984340668
00:00:23;9385.90682692733;28.6083011627197;-80.6297988891602;0.137452870607376;0.578058908763394;90.2765502929688;-1.94500626093941E-06;481.924867968213;188.939639963102;0.000169084523804486;2.06696654458938E-06;0.00529538933187723;-0.00313678942620754;0.00615938100963831;-0.00112500879913569;1.69290773027444;232.792327880859;0.449390882340905;30030.4985046387;4.52329635620117;7.30443298957638;2.99233967727543;-4.25326967564295;30.0809936523438;304.803599028241;-8.16451569406195;-4.6882990218444;-2.68917168402208;1.66782026530509;0.000370705165254333;0.194173702425572;58.5996683530908;0.0569314777831337;0.000836413860061961;-0.00196909593021636;-0.576811909675598;-0.289135754108429;0.0577128268778324
00:00:24;9900.50933338422;28.6082916259766;-80.6318893432617;0.135338068008423;0.563636698243261;90.2839965820313;-9.72502903096029E-07;488.980642020502;195.891946999693;0.000172613203176297;1.99759574570635E-06;0.00529817305505276;-0.00314211822114885;0.00616756780073047;-0.00112186744809151;1.73233863659839;230.226318359375;0.421656298137732;27866.548538208;4.52067422866821;7.7774034817453;3.20492404066783;-4.43113997706434;27.9145565032959;305.331027523908;-8.16329746489212;-4.68754151989518;-2.68844087385397;1.70959622869399;0.00036912988730375;0.205460382417455;57.1378523916517;0.0569314777831337;0.000846988115560601;-0.0019536273276531;-0.595098853111267;-0.297336608171463;0.0643755495548248
00:00:25;10422.8506836053;28.6082820892334;-80.6340484619141;0.13322326540947;0.549392351376946;90.2910461425781;-2.91750825454073E-06;496.520293354756;203.189756853202;0.000171197520103306;1.75168042915175E-06;0.00529704941436648;-0.0031483368948102;0.00616826443001628;-0.0011237699072808;1.77382143915416;227.776031494141;0.394651365078008;25804.2507171631;4.51822948455811;8.26644970314407;3.42413344131374;-4.61876000512421;25.8498210906982;305.870343770868;-8.16206337570651;-4.68677274850415;-2.68769277428559;1.75396862252402;0.000368962482871763;0.216987613874618;55.6943307147691;0.0569314777831337;0.000844730336582624;-0.00194595149402482;-0.612551927566528;-0.305035203695297;0.0714291483163834
00:00:26;10953.4544556597;28.6082725524902;-80.6362991333008;0.131108462810516;0.535201170613853;90.2976684570313;2.91750802716706E-06;504.56517766733;210.851156513688;0.000170554107171483;1.75635796040297E-06;0.00528368633240461;-0.00314263207837939;0.00615734746679664;-0.00112209760118276;1.81745587601347;225.439788818359;0.368418002040659;23841.9094085693;4.51597166061401;8.78051856872633;3.65427672852029;-4.81755406243177;23.8850898742676;306.423744165583;-8.16081227915451;-4.68599194411311;-2.68692641204723;1.80096127127526;0.000368119841062304;0.228051106541213;54.2564128646939;0.0569314777831337;0.000864198606036224;-0.00189170643509601;-0.62706595659256;-0.311249226331711;0.0783046782016754
00:00:27;11492.8724818612;28.6082630157471;-80.6386260986328;0.128993660211563;0.520959166339791;90.3039245605469;-2.91750779979338E-06;513.147282440149;218.899020373199;0.000173543798155151;1.32449213197106E-06;0.00526846526190639;-0.00314369960688055;0.006141422316432;-0.0011141870636493;1.86338045231054;223.215896606445;0.342999284301181;21977.9891967773;4.51390171051025;9.32982543270493;3.90030194950597;-5.02925594955934;22.0188255310059;306.993471023008;-8.15954296725647;-4.68519830240061;-2.68614075994004;1.85060637119584;0.000367334266104667;0.238318789920646;52.8135237109867;0.0569314777831337;0.000858058772899791;-0.00183394435401543;-0.637733161449432;-0.315527945756912;0.0848951935768127
00:00:28;12041.6968545411;28.6082515716553;-80.6410446166992;0.12687885761261;0.50657732995211;90.3097457885742;-4.86251246911706E-06;522.310635265443;227.362236565245;0.000174298605998047;1.3261375215734E-06;0.00524290511384606;-0.00313063082285225;0.00611680140718818;-0.00110763171687722;1.91177945162056;221.102584838867;0.318435697371258;20210.8783721924;4.5120210647583;9.926112705135;4.16789924433273;-5.25625768875256;20.2494239807129;307.58187999133;-8.15825414356891;-4.68439096070334;-2.6853347185732;1.90294319653995;0.000366683010947917;0.247220263628589;51.3566284496193;0.0569314777831337;0.000856431162666026;-0.00182517191317205;-0.64312356710434;-0.317187607288361;0.0908963456749916
00:00:29;12600.5736848554;28.6082382202148;-80.6435546875;0.124764047563076;0.491984594675843;90.3153076171875;0;532.11317862352;236.276723066572;0.000172309592016973;2.00005888473243E-06;0.00520940078422427;-0.0031005572527647;0.00608817907050252;-0.00110434822272509;1.96289116659534;219.097961425781;0.294765824460651;18538.948059082;4.51032638549805;10.5829872014017;4.46363289399553;-5.50153721704106;18.5752449035645;308.191471655681;-8.15694439148793;-4.68356897788911;-2.68450709494186;1.95802288771027;0.000365178258082201;0.25407656808069;49.8784229491209;0.0569314777831337;0.00087749588044913;-0.00178151502317505;-0.641720056533813;-0.315528392791748;0.095845140516758
00:00:30;13170.2185730254;28.608226776123;-80.6461715698242;0.122649244964123;0.477253816318723;90.3204956054688;1.94500466932368E-06;542.627526872182;245.686289366673;0.00017116563685704;2.14703095480218E-06;0.00517105031758547;-0.00307714636437595;0.00604943186044693;-0.00109735503792763;2.01701247393523;217.199905395508;0.272025037647686;16960.4797363281;4.50881004333496;11.313881646534;4.79372831092864;-5.76840678665859;16.9945888519287;308.824976662019;-8.15561213879849;-4.68273131174515;-2.68365657792256;2.01617701815995;0.000365862622580421;0.25796688810794;48.3859911796662;0.0569314777831337;0.000892342704004419;-0.00177586169093755;-0.631790399551392;-0.309680938720703;0.0995909720659256
00:00:31;13751.4236506037;28.6082134246826;-80.6488876342773;0.12053444236517;0.462403233584424;90.3253402709961;-4.86251155962236E-06;553.916777474024;255.632017126275;0.000170131825143471;2.31140688811138E-06;0.00512795709073544;-0.00305052218027413;0.00600532675161958;-0.00108908640686423;2.07440683150243;215.406051635742;0.25024337980737;15473.5555648804;4.50746393203735;12.094326965061;5.14610275675764;-6.05427962123;15.5055294036865;309.48530922767;-8.15425564221836;-4.68187680877448;-2.68278172575798;2.07766927777747;0.000364702897437127;0.261042790132174;46.8815881709637;0.0569314777831337;0.000892178035747431;-0.00173977881122278;-0.619167685508728;-0.302595406770706;0.102502070367336
00:00:32;14345.0264840405;28.6081981658936;-80.6517105102539;0.118419639766216;0.447309543318407;90.3297729492188;-9.72501993601327E-07;566.008614989302;266.139941181893;0.000168520171428099;2.13618454836251E-06;0.00507478602230549;-0.00302400579676032;0.00594629440456629;-0.00107794289942831;2.13521005502267;213.713897705078;0.229444448888204;14076.0221481323;4.50627899169922;12.9011534245889;5.50926015056628;-6.35609259706498;14.1059236526489;310.175407463178;-8.15287306096951;-4.68100425011449;-2.68188101085295;2.14245941470738;0.000365509392574661;0.264047272559248;45.352800838078;0.0569314777831337;0.000881186012711873;-0.00172119182959889;-0.60555762052536;-0.295039743185043;0.105188235640526
00:00:33;14951.8919854918;28.6081848144531;-80.654655456543;0.116304837167263;0.431855273074713;90.3340759277344;1.94500398720265E-06;578.929842050734;277.236060433264;0.000169104794622399;1.75553100234538E-06;0.00501613644883037;-0.00299769686535001;0.00587974162772298;-0.00106186501216143;2.19955690043086;212.120666503906;0.209652504481161;12765.9358978271;4.5052433013916;13.7377695426784;5.88491386054271;-6.6746939887748;12.7938079833984;310.898354946237;-8.15146249949622;-4.68011237825805;-2.6809528462443;2.21043875054886;0.000364353341039386;0.267417559367524;43.7876647180983;0.0569314777831337;0.000912576889294094;-0.00166248155118027;-0.591800332069397;-0.287494510412216;0.107404991984367
00:00:34;15572.9157062927;28.6081676483154;-80.6577224731445;0.11419003456831;0.415626451010781;90.3380508422852;5.83501059736591E-06;592.712380936304;288.949194729671;0.000169490260304883;1.99996406990977E-06;0.0049501690082252;-0.00295548047870398;0.00581008428707719;-0.00104626233223826;2.26662480027914;210.80517578125;0.190739898436743;11542.3021316528;4.50434732437134;14.6110337130584;6.27630426421565;-7.01171676645511;11.5681838989258;311.657464013231;-8.15002200013188;-4.67919989235953;-2.67999558024845;2.28049058519117;0.000365038555458495;0.270756876615232;42.1455657739089;0.0569314777831337;0.000936227315593917;-0.00162016378931017;-0.576367855072021;-0.279154807329178;0.109215371310711
00:00:35;16209.0342695238;28.6081523895264;-80.6609191894531;0.112075231969357;0.398174322728108;90.3417053222656;9.72501538853976E-07;607.40186396418;301.315311052019;0.000166767611517571;2.48617539000406E-06;0.00487913796678185;-0.00290599418804049;0.00573555286973715;-0.0010342471068725;2.33524670558053;209.991912841797;0.172596215713904;10404.0746688843;4.503577709198;15.5339314012521;6.68966136855641;-7.37019625894926;10.427996635437;312.456470594684;-8.1485495192669;-4.67826543308628;-2.67900748001575;2.35096124540926;0.000363903121199463;0.274659152031602;40.3794297893295;0.0569314777831337;0.000944411119525471;-0.00156408372152909;-0.559821426868439;-0.270362466573715;0.110343247652054
00:00:37;16861.2355279243;28.60813331604;-80.6642608642578;0.109960429370403;0.379701172368832;90.3450012207031;0;623.046902402896;314.372572009562;0.000168490441865288;2.20258675653895E-06;0.00480331247672439;-0.00286711263470352;0.00565008260309696;-0.00101251399610192;2.40558005864879;209.646560668945;0.155374243194898;9350.5334854126;4.5029239654541;16.5055890001659;7.12439334719878;-7.75058793501573;9.37253379821777;313.299503509654;-8.14704290435507;-4.67730756788476;-2.67798671514595;2.42159631813637;0.000363681082942421;0.278708638727301;38.5092490979733;0.0569314777831337;0.000942457299390162;-0.0015509364202912;-0.54139643907547;-0.260707348585129;0.110860548913479
00:00:38;17530.5566608878;28.6081161499023;-80.6677398681641;0.10784562677145;0.360591499156749;90.3480834960938;0;639.691355971389;328.157484410472;0.000165317265782505;1.92546144717198E-06;0.0047224061563611;-0.00282543362118304;0.00555702485144138;-0.000995733425952494;2.47783649748154;209.726165771484;0.139193314232538;8379.93431091309;4.50237417221069;17.5205188173718;7.57782420941008;-8.15235620786869;8.40007591247559;314.190695441315;-8.14549989892782;-4.67632479399761;-2.67693135989667;2.49273104686829;0.000364277127320336;0.282813434244735;36.5738435860404;0.0569314777831337;0.000955128521765546;-0.00152085173817327;-0.521378517150879;-0.250336557626724;0.110774554312229
00:00:39;18218.0777598843;28.608097076416;-80.6713714599609;0.105730824172497;0.34119062478264;90.3508605957031;-9.72501084106625E-07;657.372645034654;342.703781875406;0.00016007266822271;9.10642427243147E-07;0.00463772704824805;-0.00279506575316191;0.00545232649892569;-0.000977708492428064;2.55228271847544;210.178924560547;0.124137975479478;7489.68315124512;4.50191497802734;18.5732022032284;8.04722609745173;-8.57477658912725;7.5080451965332;315.133831415936;-8.14391815798109;-4.67531554806793;-2.67583940269637;2.56474617988436;0.000363152460563645;0.287550315220199;34.6083089994682;0.0569314777831337;0.000955620442128201;-0.00149866571293126;-0.501252770423889;-0.240007698535919;0.110156998038292
00:00:40;18924.9157560058;28.6080760955811;-80.675163269043;0.103616021573544;0.321800572191428;90.3534469604492;-3.8900043364265E-06;676.123088244521;358.042885754112;0.000163600678206421;1.11126030333253E-06;0.00454230885952711;-0.00273488997481763;0.00534859066829085;-0.00095047039212659;2.62926323827418;210.94221496582;0.110255321337603;6676.25141143799;4.50153541564941;19.6592289994333;8.53024074787212;-9.017169837626;6.69292831420898;316.13214411441;-8.14229526242667;-4.67427821523748;-2.67470875554678;2.63812035890328;0.000362787097482583;0.292276089497373;32.6433258242167;0.0569314777831337;0.000972737915883225;-0.0014778342404341;-0.480187505483627;-0.22928287088871;0.109041221439838
00:00:41;19652.2193629034;28.6080551147461;-80.6791305541992;0.10150121897459;0.302705561091794;90.3558044433594;-9.72500629359274E-07;695.97047861784;374.203892480412;0.000159966089995578;5.95496544519847E-07;0.00444760406389833;-0.00268895272165537;0.00523686828091741;-0.000929598696529865;2.70922390771569;211.940292358398;0.0975645940384004;5935.74714660645;4.50122308731079;20.7742562694858;9.02522125215818;-9.47849456983964;5.95084285736084;317.188143882742;-8.14062873107114;-4.67321113680055;-2.67353726213142;2.7135026181092;0.000362449518774192;0.297144957219029;30.707717329191;0.0569314777831337;0.000998943722558904;-0.00140391893289508;-0.458867728710175;-0.218504995107651;0.107498005032539
00:00:42;20401.1645248095;28.6080322265625;-80.6832733154297;0.0993864163756371;0.284132709114662;90.3579406738281;-2.91750166070415E-06;716.9387101736;391.213872236868;0.000158149399794638;6.32931403288239E-07;0.00434922566637397;-0.00263039977289736;0.005126116797328;-0.000907777459360659;2.79274022427543;213.081802368164;0.0860496953486548;5263.38720321655;4.50096893310547;21.9151027495613;9.53030606056452;-9.95804940814221;5.27702617645264;318.303466333825;-8.13891603136513;-4.67211261705017;-2.67232270544336;2.79174198562948;0.000362941956145831;0.301831242223939;28.8246537192921;0.0569314777831337;0.00100685519854408;-0.00137520401970439;-0.437150001525879;-0.207595244050026;0.10555087774992
00:00:43;21172.951032226;28.6080093383789;-80.6876068115234;0.0972716137766838;0.266282372425282;90.3598022460938;1.94500057659752E-06;739.049009248701;409.098358528046;0.000154839377501048;8.57396400988364E-07;0.0042492519132793;-0.00256760604679585;0.0050144144333899;-0.000888262351509184;2.88054526170055;214.258346557617;0.0756759262130434;4654.41513061523;4.50076246261597;23.0792584902419;10.044427371208;-10.4552749875072;4.66669940948486;319.47868459231;-8.13715458736259;-4.67098092847799;-2.67106281377406;2.87392599706652;0.000362594394158327;0.306797573372656;27.0144147158561;0.0569314777831337;0.000997688074989128;-0.00136632975551671;-0.41608065366745;-0.197070986032486;0.103338792920113
00:00:44;21968.799892066;28.607982635498;-80.692138671875;0.0951568111777306;0.249249343028671;90.3616638183594;-9.72500174611923E-07;762.320576779034;427.881480865868;0.000153400367707945;7.25913707810832E-07;0.00414986349642277;-0.00251124147325754;0.00490086665377021;-0.000864861183799803;2.97301097227465;215.422805786133;0.0663710068317373;4104.30574417114;4.50059652328491;24.2654364410258;10.5670021876744;-10.969532291118;4.11535453796387;320.713074990339;-8.13534178589932;-4.66981431584445;-2.6697552657183;2.96089270181281;0.000361322797391355;0.312033045297054;25.2870234545125;0.0569314777831337;0.00104104845788842;-0.00130926011489369;-0.395781308412552;-0.186983481049538;0.100925050675869
00:00:45;22789.953375522;28.6079578399658;-80.6968688964844;0.0930420085787773;0.232930949427123;90.36328125;-2.91749938696739E-06;786.775260899891;447.588677031261;0.000151862943312153;7.54218092424708E-07;0.0040459823794663;-0.00244913529604673;0.004783243406564;-0.000841152446810156;3.07008675877316;216.593795776367;0.0580288142682429;3607.94019699097;4.50046300888062;25.4777798251869;11.1000076803106;-11.501900564819;3.61785626411438;322.004321111237;-8.13347497667234;-4.66861099629687;-2.66839769087911;3.0527921085105;0.000361029007072775;0.316936656993854;23.6323173255576;0.0569314777831337;0.00103807004684513;-0.00128341178424148;-0.37536033987999;-0.176889881491661;0.0982032343745232
00:00:46;23637.6799690695;28.6079292297363;-80.7018280029297;0.0909272059798241;0.217247705952583;90.3648071289063;-2.91749893222004E-06;812.440467256652;468.248326365198;0.000146736769238487;8.10106371318398E-07;0.00394285749644041;-0.00238749803975224;0.00466524111106992;-0.000822349509689957;3.17175052525162;217.78694152832;0.050571153630902;3161.58103942871;4.50035762786865;26.7212753764618;11.6458188237155;-12.0535485435181;3.17045092582703;323.348142235985;-8.1315514611135;-4.66736915243686;-2.66698766254408;3.14938944858713;0.000360617421371603;0.32176785085309;22.0420382309716;0.0569314777831337;0.00106267617435892;-0.00124201918700976;-0.3551165163517;-0.166938617825508;0.0952055081725121
00:00:47;24513.2796030967;28.6079006195068;-80.7070083618164;0.0888124033808708;0.202138829897376;90.3662109375;0;839.34806369269;489.891236696118;0.000147281985846348;8.31806858059281E-07;0.00383717031218112;-0.00232382770627737;0.00454589026048779;-0.000795425497926772;3.27796030897498;219.020965576172;0.0439159362529062;2761.07025146484;4.50027370452881;28.000271885418;12.2064075885413;-12.6256202104847;2.76899147033691;324.737718015741;-8.12956848080407;-4.66608692490387;-2.66552268974821;3.25067350076555;0.000360271028760018;0.326494703462112;20.5100968355074;0.0569314777831337;0.00108280395060508;-0.00122886782117746;-0.334982752799988;-0.157096207141876;0.0919252708554268
00:00:48;25418.0887632938;28.6078701019287;-80.7124328613281;0.0866976007819176;0.187578480061578;90.3674621582031;-2.91749734060431E-06;867.534981136802;512.551174676422;0.000145477868500166;9.24443952499132E-07;0.00373761937953532;-0.0022629585582763;0.00443326821550727;-0.000773410662077367;3.38864815310966;220.318222045898;0.0379933205082156;2402.85348892212;4.50020837783813;29.3193643430219;12.7840671723238;-13.219408130182;2.40989637374878;326.16261610955;-8.12752320621609;-4.66476240521974;-2.66400020944793;3.3566155976872;0.000360869954241491;0.330671773141743;19.0337052226725;0.0569314777831337;0.00105829850001281;-0.00118614672630607;-0.31455010175705;-0.147162824869156;0.088295005261898
00:00:49;26353.4851804562;28.6078395843506;-80.7181091308594;0.0845827981829643;0.173554316713036;90.3687744140625;-9.72498810369871E-07;897.042002864056;536.264296549205;0.00013902508362662;4.59949603737186E-07;0.00362856290303171;-0.00220704101957381;0.00430291751399636;-0.000752041698433459;3.50370492640492;221.705383300781;0.0327387083198828;2083.56666564941;4.50015687942505;30.6822051877023;13.3805773844351;-13.8364255806979;2.08981513977051;327.607389149178;-8.12541272652995;-4.66339362928002;-2.66241757924852;3.46715343009185;0.000360453552143088;0.334985142589777;17.6117277065036;0.0569314777831337;0.00109956634540408;-0.00111334042822031;-0.294572919607162;-0.137502729892731;0.0844588279724121
00:00:50;27305.509858842;28.6078052520752;-80.7239456176758;0.0841039791703224;0.14961429873;90.3697814941406;-9.72498469309357E-07;891.256705655919;539.003442611876;0.000142735269037075;7.00168584444327E-07;0.00368523062206805;-0.00223744777031243;0.00437345681712031;-0.000763175659812987;3.47680903952963;223.189346313477;0.0281586774655785;1804.07810211182;0;-13.7429294031565;-7.28410006760653;-1.06934488856139;1.80941069126129;329.048361705988;-8.12326867791787;-4.66200106714758;-2.66079822151996;3.45961093229187;0.000357487222170899;0.337872440338195;15.2113526156218;0.0569314777831337;0.00110620612387565;-0.00125037151535454;-0.256374567747116;-0.119402267038822;0.0750309973955154
00:00:51;28241.7861571154;28.6077728271484;-80.7297592163086;0.0841039791703224;0.125261754094435;90.3706588745117;-6.80748689774191E-06;875.754052615901;535.890549183771;0.00014642057067249;8.34182344533474E-07;0.00375944469124079;-0.0022802019957453;0.0044628344476223;-0.000778148765675724;3.4153773722051;224.743713378906;0.0242982786499442;1567.59071350098;0;-12.8659865369893;-6.87010518917818;-1.29455476710452;1.57211589813232;330.445402283229;-8.12116402701281;-4.66063207919452;-2.65919704162701;3.39606700945198;0.000357037627036207;0.342840674950324;12.7341658198717;0.0569314777831337;0.00110248274530001;-0.00125956417291216;-0.217562630772591;-0.101092733442783;0.0649957731366158
00:00:52;29162.0790465083;28.6077404022217;-80.7355346679688;0.0841039791703224;0.105390478920161;90.3713684082031;2.91749370262551E-06;861.058977455767;533.234912805896;0.000151715168613009;5.96491076976235E-07;0.00384191633202136;-0.0023344059009105;0.00455940840765834;-0.000791173428297043;3.35691495619596;226.386337280273;0.0210323761143073;1366.81008338928;0;-12.1400057433337;-6.52785608708854;-1.48346369827915;1.37066173553467;331.76788934307;-8.11909924076608;-4.65928698049178;-2.6576144484081;3.33614432818418;0.000356659040781912;0.347016052222256;10.7130843320644;0.0569314777831337;0.00110680038868667;-0.00131788925266313;-0.185067102313042;-0.0857910886406899;0.056440494954586
00:00:53;30067.1678242125;28.6077079772949;-80.7412872314453;0.0841039791703224;0.0890740840727652;90.3719482421875;9.72497559814656E-07;847.034301791286;530.962025257609;0.00015522372268606;7.52310086227226E-07;0.0039241686463356;-0.00238176761195064;0.00465830555185676;-0.000808566983323544;3.30079285899911;228.134475708008;0.0182600630821921;1195.81174850464;0;-11.5353198858891;-6.24319935875837;-1.64299472720209;1.19910490512848;333.001338441014;-8.11707250818682;-4.65796460417468;-2.65604911879684;3.27911297081302;0.000355975706120907;0.35135834694553;9.05377414380606;0.0569314777831337;0.00108202823805012;-0.00149561361805345;-0.158188134431839;-0.0731581896543503;0.0492320507764816
00:00:55;30957.7014178485;28.6076755523682;-80.7470092773438;0.0841039791703224;0.0755842840473676;90.3724060058594;1.94499421013461E-06;833.569694263614;529.011698083391;0.000159215982421301;7.59957629270502E-07;0.00400443188846111;-0.00243045366369188;0.00475383782759309;-0.000824022863525897;3.24693498822401;229.943557739258;0.0158959498614695;1049.24607276917;0;-11.0282912248042;-6.00487349520008;-1.77887276803148;1.0520783662796;334.140283898828;-8.11508231841283;-4.65666397578208;-2.654499943727;3.22478669164957;0.000356152892699581;0.35262743118244;7.68206561735457;0.0569314777831337;0.00105252750292762;-0.00172502047079553;-0.13454669713974;-0.062069371342659;0.0427678152918816
00:00:56;31834.2235781234;28.6076431274414;-80.7527160644531;0.0841039791703224;0.0643961133133343;90.3728637695313;2.91749051939405E-06;820.57545000169;527.334664798736;0.000163660224643536;7.93475066984684E-07;0.00407016091048718;-0.00246955500915647;0.00483276369050145;-0.000835351587738842;3.19530749093086;231.770004272461;0.013878751431472;923.373162746429;0;-10.6015020172527;-5.80470815037325;-1.89533534105365;0.925808012485504;335.184322783189;-8.11312740258652;-4.65538427611837;-2.65296598721723;3.17306264680979;0.000355995040898508;0.353844437970718;6.54443559922387;0.0569314777831337;0.0010625588221707;-0.00174943097659594;-0.114876627922058;-0.0528626516461372;0.0372815318405628
00:00:57;32697.1915032538;28.6076107025146;-80.7584075927734;0.0841039791703224;0.0550940240450091;90.3733215332031;-1.94499307326623E-06;807.977199728244;525.889520650576;0.000165875870152377;7.29943280930456E-07;0.00415598787367344;-0.0025233521591872;0.00493352301418781;-0.0008540601702407;3.1456377893066;233.610366821289;0.0121572420847242;815.261244773865;0;-10.2415241372186;-5.63606637624056;-1.99493566378742;0.81735622882843;336.135992550524;-8.11120669087007;-4.65412481374748;-2.65144645614724;3.12360309885557;0.000355350388411426;0.354894242662622;5.59864158851281;0.0569314777831337;0.00108696953640502;-0.00156602368034956;-0.0984420329332352;-0.0451866090297699;0.0326065942645073
00:00:58;33546.9904803317;28.6075782775879;-80.7640838623047;0.0841039791703224;0.0473296032761045;90.37353515625;-9.72496309259441E-07;795.713163761305;524.641794886155;0.000171276886248961;7.94710274476529E-07;0.00424974272027612;-0.00257901893928647;0.005045878700912;-0.000871513911988586;3.09770136676584;235.461318969727;0.0106851231167177;722.218692302704;0;-9.93684872981663;-5.49343529246779;-2.07998811634654;0.724027037620544;336.999561748848;-8.109319278629;-4.652885003397;-2.64994067652117;3.07608495798642;0.000355492984940013;0.353585215135089;4.80926832722714;0.0569314777831337;0.00103907994267442;-0.00175329651181985;-0.0841367095708847;-0.0385198816657066;0.0284546036273241
00:00:59;34383.9463985078;28.6075458526611;-80.7697448730469;0.0841039791703224;0.0408080925125581;90.3738708496094;0;783.732399333645;523.563119035501;0.000175212058820762;6.16790259755362E-07;0.00431978236883879;-0.00262464350089431;0.00512794591486454;-0.000883303117007017;3.05131440778396;237.319732666016;0.00942055102967268;641.770541667938;0;-9.67767005275844;-5.37242996653762;-2.15368497147691;0.643341302871704;337.780230908733;-8.10746439757325;-4.65166434751103;-2.64844807316965;3.03013317750363;0.000356186621763899;0.349814764801462;4.14633744263195;0.0569314777831337;0.00105189988758355;-0.00195190935831802;-0.0716617554426193;-0.0327199101448059;0.0247559379786253
00:01:00;35208.3364654304;28.6075134277344;-80.775390625;0.0841039791703224;0.0352868687896264;90.3741455078125;1.94499125427683E-06;771.993567647334;522.629857913996;0.000176447414560243;7.427519221892E-07;0.00441220635548234;-0.00267942575737834;0.00523754814639688;-0.000906066212337464;3.00632784938419;239.1826171875;0.00832589883995778;571.650207042694;0;-9.455599311588;-5.2688373545299;-2.21782652784824;0.573026299476624;338.483578106025;-8.10564139117041;-4.65046242044756;-2.64696815210044;2.98557901930216;0.000355883223057688;0.346544299943741;3.58518253248362;0.0569314777831337;0.00105148165105487;-0.00181556279083024;-0.061294287443161;-0.0279120765626431;0.0216126535087824
00:01:01;36020.398132327;28.6074810028076;-80.7810287475586;0.0841039791703224;0.0305907089291878;90.374267578125;1.94499079952948E-06;760.46258881893;521.822927305589;0.000181284180143848;6.9476050157391E-07;0.00449428660795093;-0.00272997049614787;0.0053351204842329;-0.000920581922400743;2.96261988305114;241.047180175781;0.00737460921462032;510.282516479492;0;-9.26411231514306;-5.1796521058314;-2.27374972606603;0.511487007141113;339.115175511614;-8.10384969423275;-4.6492788553529;-2.64550048560997;2.9422986599284;0.000355665625466115;0.341524713022625;3.10788789275958;0.0569314777831337;0.00101449716053396;-0.00217989443620532;-0.0522844195365906;-0.023744985461235;0.0188175141811371
00:01:02;36820.3357628044;28.6074504852295;-80.7866592407227;0.0841039791703224;0.0265954828558151;90.3746032714844;0;749.110544760938;521.125745721139;0.000184456119313836;5.36079710400372E-07;0.00458140159025788;-0.00278602680191398;0.00543701322749257;-0.000937743403483182;2.9200870535686;242.910720825195;0.00654872316227784;456.638932228088;0;-9.0991026689433;-5.10300840578777;-2.32294043800834;0.457692861557007;339.680434043963;-8.10208881751963;-4.64811333433671;-2.64404470158503;2.90018803511082;0.000356870845649708;0.332517354555693;2.70183841880277;0.0569314777831337;0.00105844690988494;-0.00204746655633528;-0.0441807806491852;-0.0200075078755617;0.016243577003479
00:01:03;37608.3252124293;28.6074180603027;-80.7922821044922;0.0841039791703224;0.0231921870222762;90.3746566772461;-4.86247427033959E-06;737.912557687276;520.523995744577;0.000188596386578865;6.13584688835545E-07;0.0046702092513442;-0.00283868983387947;0.00554318027570844;-0.000955658324528486;2.87864011430519;244.770736694336;0.00583147341400919;409.739106893539;0;-8.95673312238647;-5.0368739590466;-2.36571764784887;0.410661816596985;340.184570754629;-8.10035833729424;-4.64696558168115;-2.64260047571974;2.85915682091441;0.000358595742392392;0.321475560165033;2.35596143425453;0.0569314777831337;0.00100102677600986;-0.00246863272116572;-0.0371804349124432;-0.0167886558920145;0.013964562676847
00:01:04;38384.5180528155;28.607385635376;-80.7978973388672;0.0841039791703224;0.0202864205015818;90.3748779296875;9.72494603956875E-07;726.84742958382;520.005272961539;0.000190576611203142;6.97364271218248E-07;0.00476309703662992;-0.00289438455365598;0.00565324956551194;-0.000977359362877905;2.83820295868886;246.624816894531;0.0052075661020675;368.672877550125;0;-8.83375154163204;-4.97992386243145;-2.40336954175363;0.3694828748703;340.632563250337;-8.09865788545016;-4.64583535767231;-2.64116752498197;2.81912829707284;0.000358745138875725;0.310311267017516;2.06066345735088;0.0569314777831337;0.00104667594346101;-0.00235514002330986;-0.0313352979719639;-0.0141092892736197;0.0120137976482511
00:01:05;39149.0450553112;28.6073532104492;-80.8035049438477;0.0841039791703224;0.0177963844784959;90.3749923706055;-4.86247108710813E-06;715.897070065;519.559103106394;0.000194417531020008;5.03609101087932E-07;0.00484881736338139;-0.00295000756159425;0.00575353065505624;-0.000993015826679766;2.79871074960866;248.470687866211;0.00466308292058888;332.596689462662;0;-8.72717205075666;-4.93061377990806;-2.43633925331967;0.333310753107071;341.029103513075;-8.09698714167401;-4.64472245339262;-2.63974560150271;2.78003660059253;0.00035996851485904;0.295769356479398;1.80763517981886;0.0569314777831337;0.00102181510125108;-0.00273357394173971;-0.0261499062180519;-0.011740131303668;0.0102385636419058
00:01:06;39902.0195008395;28.6073207855225;-80.8091125488281;0.0841039791703224;0.0156512778723632;90.3750610351563;-1.9449878436717E-06;705.046400557671;519.176375054196;0.000197892135474831;7.27036308489915E-07;0.00494999485090375;-0.00300799589604139;0.00587500631809235;-0.00101594568695873;2.76010837232847;250.306243896484;0.00418536198093899;300.728321075439;0;-8.63441276861717;-4.88773986813968;-2.46540404211232;0.301362037658691;341.378561076363;-8.09534582574588;-4.64362668590439;-2.63833448738793;2.74182615737441;0.000362108790039254;0.277657565548014;1.589682408998;0.0569314777831337;0.00101260472622353;-0.00291610953857341;-0.0215449798852205;-0.00964384246617556;0.00861804839223623
00:01:07;40643.539921321;28.6072883605957;-80.8147125244141;0.0841039791703224;0.0137935120170606;90.3751831054688;-9.72493580775335E-07;694.282579480981;518.849724838905;0.000201741000637412;6.44453166387393E-07;0.00503852032124996;-0.00306338886730373;0.00597945228219032;-0.00103305606171489;2.72234957316955;252.129455566406;0.00376395221119692;272.418946027756;0;-8.55327198809809;-4.85034538187952;-2.49133580362194;0.272982597351074;341.684953725796;-8.0937336913577;-4.64254789421066;-2.63693398991641;2.70445172852398;0.000363218687604547;0.258760931977524;1.40093405716307;0.0569314777831337;0.00101258659187118;-0.00296098851720351;-0.0176584497094154;-0.00788148120045662;0.00721060857176781
00:01:08;41373.692376296;28.6072578430176;-80.8203048706055;0.0841039791703224;0.0121844349534276;90.375358581543;-6.80745415593265E-06;683.594747216236;518.572538311085;0.000205913878744468;8.0391191659146E-07;0.00513697834685445;-0.00312060653232038;0.00609753374010324;-0.00105403806082904;2.68539388592156;253.938461303711;0.00339231829746565;247.28325009346;0;-8.48219621276657;-4.81762842352388;-2.51417955780994;0.247784048318863;341.951953978012;-8.09215052094831;-4.6414859358686;-2.63554393771042;2.66793540867013;0.000365105913085457;0.235859258302405;1.23745331646185;0.0569314777831337;0.00105709715127966;-0.00348029300330493;-0.0141861522570252;-0.0063134185038507;0.00591579312458634
00:01:09;42092.5504694898;28.6072254180908;-80.8259048461914;0.0841039791703224;0.0107897181258649;90.3753662109375;0;672.96725724665;518.334355844073;0.000211953476537019;6.42546410745126E-07;0.00523965852335095;-0.0031854750122875;0.00621888367459178;-0.00107143633067608;2.64918190870224;255.731185913086;0.00306451430960812;224.965006113052;0;-8.43241015938239;-4.79449587839426;-2.52922925722638;0.225410372018814;342.182940220437;-8.0905961253672;-4.64044068696348;-2.63416418134993;2.63225153674076;0.000365633395551812;0.23464772865029;1.09575339798896;0.0569314777831337;0.00099368548991964;-0.00369113486526158;-0.0124685354530811;-0.0055295922793448;0.00531330984085798
00:01:10;42800.164413684;28.6071929931641;-80.8314895629883;0.0841039791703224;0.00957939427144573;90.3754577636719;1.94498534256127E-06;662.377732457503;518.119256077238;0.000212085025850683;5.49192179732927E-07;0.00533755170181394;-0.00324811763130128;0.00633255578577518;-0.00109535467345268;2.61375519587328;257.480895996094;0.00277535582231869;205.131947994232;0;-8.39820715384232;-4.77839353625559;-2.53841985456357;0.205528408288956;342.381026380419;-8.08907036734212;-4.63941205799245;-2.63279461461355;2.59742120054305;0.000364143110574577;0.24528773667916;0.972789623774222;0.0569314777831337;0.000989428502815146;-0.00376574584421069;-0.0115447975695133;-0.00510097946971655;0.00502396887168288
00:01:12;43496.5713519519;28.6071605682373;-80.8370742797852;0.0841039791703224;0.00852768826067899;90.3757629394531;1.94498511518759E-06;651.82121182632;517.924002153436;0.000218637927901;6.32127125754778E-07;0.00543582392856479;-0.00330573553219438;0.00645089661702514;-0.00111283315345645;2.57924505762121;259.154296875;0.00252008193572312;187.474712729454;0;-8.36781503590565;-4.76409628976548;-2.54634473803071;0.187828570604324;342.549073587446;-8.08757313885112;-4.63839997876009;-2.63143515544497;2.5635637237371;0.000362749498205422;0.255834592883901;0.865944671956811;0.0569314777831337;0.0011466217589274;-0.00428163315177045;-0.0106924716383219;-0.00470611359924078;0.00475394213572145
00:01:13;44181.8042783206;28.6071281433105;-80.842658996582;0.0841039791703224;0.00761134514736284;90.3756790161133;3.88996841138578E-06;641.29411733335;517.746325046947;0.00022457390150521;7.33984279577271E-07;0.0055471807718277;-0.00337140588089824;0.00658437656238675;-0.00113455683458596;2.54571823535928;260.729949951172;0.00229416296692908;171.705737709999;0;-8.34078710832477;-4.75130603101573;-2.55325957534414;0.172022700309753;342.689704191079;-8.08610434165057;-4.63740438540733;-2.6300857292496;2.53073757854929;0.000361736662093224;0.266618593589941;0.772857839332004;0.0569314777831337;0.00105031636258559;-0.00476862930967131;-0.00991986691951752;-0.00434882007539272;0.00450618658214808
00:01:14;44855.892621628;28.6070976257324;-80.8482437133789;0.0841039791703224;0.00680985357497569;90.3755111694336;-4.86245926367701E-06;630.793283857277;517.584366582518;0.000228148710448295;5.89699652664422E-07;0.00565588148310781;-0.00344053050503135;0.00671182200312614;-0.00115653581451625;2.51322740730759;262.188507080078;0.00209342940948742;157.558411359787;0;-8.31667180010319;-4.73986305101107;-2.55938558869713;0.157843947410584;342.805313185137;-8.08466388597121;-4.63642521960368;-2.62874626774423;2.49898820583153;0.000361794451870869;0.27727889906844;0.69144455225869;0.0569314777831337;0.000920990811903714;-0.00494939962153034;-0.00920451804995537;-0.00401857821270823;0.00427400693297386
00:01:15;45518.8627244346;28.6070652008057;-80.8538208007813;0.0841039791703224;0.00610588619232319;90.3758773803711;-4.86245789943496E-06;620.31602261081;517.436499030422;0.000231324986089021;6.24719859843026E-07;0.00575978215783834;-0.00350366998463869;0.00683484319597483;-0.00117922108620405;2.4818116805605;263.512939453125;0.00191429911579773;144.804269075394;0;-8.29499133528306;-4.72961472917789;-2.56473816440809;0.145062178373337;342.898075769172;-8.08325168947004;-4.63546242780103;-2.62741670809325;2.46834886777973;0.000360325051861162;0.288553972482156;0.619941242726151;0.0569314777831337;0.00110181094049962;-0.00530138239946465;-0.00856408756226301;-0.00372341042384505;0.00406354619190097
00:01:16;46170.7383094663;28.6070327758789;-80.8593978881836;0.0841039791703224;0.00548711067352147;90.3760986328125;-9.72491193351743E-07;609.860047086001;517.301225518134;0.000236567386309616;6.19986053607136E-07;0.00587072968482971;-0.00357113732025027;0.00696674315258861;-0.0012008574558422;2.45149987365709;264.688110351563;0.00175441616680821;133.302003145218;0;-8.27546953717087;-4.72035522760559;-2.56935998605359;0.133534833788872;342.969962334317;-8.0818676761588;-4.6345159605156;-2.62609699221712;2.43884309799426;0.000357635885445915;0.300433545975353;0.557091546903236;0.0569314777831337;0.00123299276101544;-0.00603176366268171;-0.00798956770449877;-0.0034590947907418;0.00387238012626767
00:01:17;46811.54078882;28.6070003509521;-80.8649749755859;0.0841039791703224;0.00494281505907239;90.3759384155273;-4.86245426145615E-06;599.42329872155;517.177235202956;0.00024597387528047;6.78727417380287E-07;0.00599016761407256;-0.00364119769074023;0.00711097847670317;-0.00122015853412449;2.42231075344495;265.700958251953;0.00161167949288503;122.925341129303;0;-8.25790902988001;-4.71196029764049;-2.57339438678899;0.123135656118393;343.022769823046;-8.08051177567211;-4.63358577191495;-2.62478706627756;2.41048566086512;0.000356597507625271;0.312128620728716;0.501807768756542;0.0569314777831337;0.001121286296943;-0.00668201651872377;-0.00745380576699972;-0.00321301724761724;0.00369217758998275
00:01:18;47441.289502345;28.606969833374;-80.8705520629883;0.0841039791703224;0.0044634385368041;90.375732421875;9.72490738604392E-07;589.003907766114;517.063410143742;0.00024810538161546;6.83334747009212E-07;0.00610929587855935;-0.00371484947390854;0.00725103029981256;-0.00124766945373267;2.39425546764051;266.540222167969;0.00148414733380701;113.555818796158;0;-8.24208851290002;-4.70436526267003;-2.5769321720288;0.113746076822281;343.058145447787;-8.07918392272963;-4.63267181949664;-2.62348688019822;2.38328430149565;0.000355771357086137;0.323980269457132;0.453119002247215;0.0569314777831337;0.000967560349845845;-0.0071343802342225;-0.006963602732867;-0.00298823835328221;0.00352546875365078
00:01:19;48060.0019381214;28.6069374084473;-80.8761215209961;0.0841039791703224;0.00404050233153663;90.3759765625;9.72490397543879E-07;578.600237322673;516.958733199296;0.000246162788243964;6.58029819078365E-07;0.00622553750872612;-0.00378890451975167;0.00738554121926427;-0.00127903243992478;2.36733849933694;267.196441650391;0.0013700413160121;105.083361268044;0;-8.22777440269889;-4.69750748166945;-2.57998056885355;0.105255797505379;343.077601372271;-8.07788405666465;-4.63177406372178;-2.62219638726584;2.35724082468937;0.000354125215075683;0.335960121395073;0.410164229544556;0.0569314777831337;0.00107496636689453;-0.00760387653602937;-0.00651446683332324;-0.00278258393518627;0.00337114045396447
00:01:20;48667.6939743692;28.6069049835205;-80.8816909790039;0.0841039791703224;0.00366649764949954;90.3763046264648;-3.88995977118611E-06;568.210870274021;516.862270678076;0.000249879725743085;6.43913324438472E-07;0.0063461372628808;-0.00386322103440762;0.00752790132537484;-0.00130480655934662;2.34155900720751;267.661834716797;0.00126773313858399;97.4055975675583;0;-8.21478798139785;-4.6912746015479;-2.58256336941672;0.0975622534751892;343.082525011576;-8.07661212086659;-4.63089246764231;-2.62091554377544;2.33235192012854;0.000351992225987223;0.34804700813698;0.372181402371737;0.0569314777831337;0.0012782878917177;-0.00842712528120053;-0.00610219594091177;-0.00259407493285835;0.00322808162309229
00:01:21;49264.3800765788;28.6068725585938;-80.8872604370117;0.0841039791703224;0.00333480496132937;90.3764343261719;-9.72489942796528E-07;557.834568218916;516.773192355115;0.000260832894127816;6.58746159842849E-07;0.00646898476406932;-0.00393535848706961;0.00767660513520241;-0.00132285535801202;2.31691187981708;267.930206298828;0.00117573928031263;90.4278755187988;0;-8.20298254849697;-4.6855612503211;-2.5847490750426;0.0905706435441971;343.074187065129;-8.07536806231922;-4.63002699662539;-2.61964430871239;2.30861109689193;0.000352101502342874;0.359823458910642;0.338497272456467;0.0569314777831337;0.00136257479815471;-0.00949075883725596;-0.00571602955460548;-0.00241778674535453;0.00309268874116242
00:01:22;49850.0734639475;28.606840133667;-80.8928298950195;0.0841039791703224;0.003039583703939;90.3762817382813;2.91746869152121E-06;547.470219696721;516.690793506082;0.000267081253696233;6.11458688126731E-07;0.00659923255443573;-0.00401518074795604;0.00783122330904007;-0.00134775484912097;2.29338772976611;267.9970703125;0.00109270476122515;84.0625390410423;0;-8.19222643114;-4.68031396537593;-2.58661727587732;0.0841932371258736;343.053748060379;-8.07415183122187;-4.62917761813187;-2.6183826434292;2.28600794775322;0.00035108845519533;0.372096910053516;0.308519310741153;0.0569314777831337;0.00125646830546001;-0.0104649229200457;-0.00536657869815826;-0.00225852685980499;0.0029688582289964
00:01:23;50424.7862492735;28.6068096160889;-80.8983993530273;0.0841039791703224;0.0027757743814927;90.3760681152344;-2.91746800940018E-06;537.116837997724;516.61447289584;0.00027229668921791;4.87568286189344E-07;0.00673002982512116;-0.00409708311781287;0.00798544846475124;-0.00137326866388321;2.27093090273474;267.869659423828;0.00101743002657108;78.234389424324;0;-8.18238906367605;-4.67549160894446;-2.58821647448908;0.0783542469143867;343.022264391116;-8.0729633806821;-4.62834430151304;-2.61713051136862;2.26448838468408;0.000348084489468977;0.384898320806658;0.281732706592083;0.0569314777831337;0.00108298717009609;-0.011299557544201;-0.00504901772364974;-0.00211405428126454;0.00285502220503986
00:01:24;50988.5295693092;28.6067771911621;-80.9039611816406;0.0841039791703224;0.00253960719186536;90.3761520385742;-6.80742232361808E-06;526.773549855626;516.543696114455;0.000273763027507812;4.90664604058111E-07;0.00686117680743337;-0.00417878199368715;0.0081391092389822;-0.00140442547854036;2.24943227434923;267.569122314453;0.000949075706156504;72.8964656591415;0;-8.17336056202428;-4.67105873680893;-2.58956405267371;0.0730064362287521;342.980698120433;-8.07180266643856;-4.62752701779885;-2.61588787781807;2.24394385195421;0.000344172301578396;0.397809333933801;0.257753352133335;0.0569314777831337;0.00111891601202596;-0.0120913509087953;-0.00475429510697722;-0.00198017526417971;0.00274824583902955
00:01:25;51541.3136778567;28.6067447662354;-80.9095230102539;0.0841039791703224;0.00232783445493558;90.3764724731445;3.8899543142179E-06;516.43954181035;516.47792145505;0.000278193154372275;5.6363302292084E-07;0.00699279876425862;-0.0042582587338984;0.00829527992755175;-0.00143292988650501;2.2287931836503;267.115539550781;0.000886913512984322;68.0064409971237;0;-8.16513741662534;-4.66700946172937;-2.59061101764255;0.0681072771549225;342.929932606979;-8.07066964664451;-4.62672573954913;-2.61465470978288;2.2242754742607;0.000346332592806632;0.410404923553843;0.23625174694444;0.0569314777831337;0.00135703058469372;-0.0131151189169251;-0.00447488622739911;-0.00185306055936962;0.0026480476371944
00:01:26;52083.1479669381;28.6067123413086;-80.9150848388672;0.0841039791703224;0.00213760492413233;90.3767700195313;-2.91746482616873E-06;506.114028135424;516.416581327247;0.000283710716757923;5.23159087606473E-07;0.00712698511779308;-0.00434073014184833;0.008454205468297;-0.00145969761069864;2.2089254010429;266.527648925781;0.000830286812185637;63.5243207216263;0;-8.15765155447446;-4.66329292044912;-2.5913728171924;0.0636169165372849;342.870784072464;-8.06956428179188;-4.6259404408277;-2.61343097601026;2.20539659203792;0.000341029501564563;0.425057984413823;0.216937793910395;0.0569314777831337;0.00158765671206581;-0.0145189696261628;-0.00423628464341164;-0.00174436997622252;0.00256332871504128
00:01:27;52614.0410743412;28.6066818237305;-80.9206466674805;0.0841039791703224;0.0019665684479235;90.376823425293;-4.86244016428827E-06;495.79637696726;516.3591992899;0.000294834753731266;5.99326142491918E-07;0.00726106250658631;-0.00441842805594206;0.00861667096614838;-0.0014811985893175;2.18975082310884;265.822814941406;0.000778609838577802;59.4130381941795;0;-8.15078030955532;-4.6598312328196;-2.59186998928568;0.0594981387257576;342.804008794154;-8.06848653446115;-4.62517109705249;-2.61221664681148;2.18731902147428;0.000349760650200465;0.439900917956145;0.19957294275941;0.0569314777831337;0.00164293157291471;-0.016253657645082;-0.00401210272684693;-0.00164150784257799;0.0024879660923034
00:01:28;53134.0010110242;28.6066493988037;-80.9262084960938;0.0841039791703224;0.00181238859835294;90.3766784667969;-2.917463234553E-06;485.486005007514;516.305378255391;0.000299964740406722;4.85401983496558E-07;0.00740410573780537;-0.00450785690918565;0.00878524035215378;-0.0015098542207852;2.17119970716853;265.017211914063;0.000731355706011573;55.6381084024906;0;-8.14447706058764;-4.65662312264598;-2.59219669299075;0.0557163581252098;342.730307263953;-8.06743636902236;-4.62441768481774;-2.61101169386584;2.16991931843992;0.000350059232929775;0.455309482419918;0.183920627255312;0.0569314777831337;0.00156717667081001;-0.0185261797476526;-0.0038070532027632;-0.00154789781663567;0.00241646729409695
00:01:30;53643.0351766897;28.606616973877;-80.931770324707;0.0841039791703224;0.00167290249711033;90.3764572143555;-5.83492419536924E-06;475.182387584925;516.254782794227;0.000307788723148406;4.13921782183024E-07;0.00755621632561088;-0.00460091046988964;0.00896607059985399;-0.001538131153211;2.15321031976363;264.125762939453;0.00068804900376859;52.1674677729607;0;-8.13866655725158;-4.65364064600669;-2.59236781696371;0.052239578217268;342.650329992618;-8.0664137516479;-4.62368018186909;-2.60981609003701;2.15300366950383;0.000348151559260499;0.470878487466445;0.169760939108222;0.0569314777831337;0.00145472638561446;-0.0206934242447663;-0.00361429271288216;-0.00145998457446694;0.00234866049140692
00:01:31;54141.1504385779;28.6065845489502;-80.9373245239258;0.0841039791703224;0.00154625753471346;90.3764038085938;-9.72487100625585E-07;464.885038059655;516.207141902622;0.000311545561999083;5.20627111200156E-07;0.00770898349583149;-0.00469358405098319;0.00914671085774899;-0.00157305353786796;2.135727661725;263.162322998047;0.000648261812898597;48.9715412259102;0;-8.13329967194554;-4.65087487730392;-2.5924297708328;0.0490380898118019;342.564683123514;-8.06541865013526;-4.62295856697626;-2.60862980925523;2.1364042256534;0.000338403783012094;0.488206938111102;0.156905653152684;0.0569314777831337;0.00142436760380419;-0.0223145887683069;-0.00344484415836632;-0.00138271762989461;0.0022891613189131
00:01:32;54628.3531919951;28.6065540313721;-80.9428863525391;0.0841039791703224;0.00143086333737288;90.3765487670898;-3.88994749300764E-06;454.59352607256;516.16222059118;0.000313779833959416;5.14431178544328E-07;0.00786424055695534;-0.00479053426533937;0.00932868290692568;-0.00160906917881221;2.11870317023562;262.1396484375;0.000611607895038134;46.0230521857738;0;-8.12832142655245;-4.64830135012904;-2.59239434009585;0.0460845641791821;342.473929589438;-8.06445103377322;-4.62225281984349;-2.60745282640349;2.11997442564298;0.000340633758074073;0.504900042508804;0.145193210699848;0.0569314777831337;0.00152491164447228;-0.0235394222109584;-0.00327696464955807;-0.00130619399715215;0.00223019602708519
00:01:33;55104.6494153636;28.6065216064453;-80.9484405517578;0.0841039791703224;0.00132548479170503;90.3767700195313;-1.94497306438279E-06;444.307482988272;516.119797388177;0.000320467748679221;5.13640713961649E-07;0.00801798980683088;-0.00488404370844364;0.00951129850000143;-0.00163979432545602;2.1020942587969;261.069427490234;0.000577738451171903;43.2969108223915;0;-8.1236771629561;-4.64588815038823;-2.59224691149444;0.0433539114892483;342.378591557236;-8.06351087322039;-4.62156292102352;-2.60628511722142;2.10369375370452;0.000344707262350082;0.522956676792018;0.134497244550026;0.0569314777831337;0.00169356758305575;-0.0247041196450826;-0.003124316688627;-0.00123632384929806;0.0021782882977277
00:01:34;55570.0447411351;28.6064891815186;-80.9539947509766;0.0841039791703224;0.00122942272078032;90.3770751953125;-1.94497260963544E-06;434.026596706415;516.079652803972;0.000324653898132965;4.85341274725215E-07;0.00816322583705187;-0.00497400807216764;0.00968248024582863;-0.00167085404973477;2.08586350640457;259.96240234375;0.000546403834371012;40.7749935984612;0;-8.1193396084718;-4.64361492138948;-2.59199256797333;0.0408277809619904;342.279155014774;-8.06259814032621;-4.62088885181754;-2.60512665823644;2.08776693718594;0.00035694103897192;0.54019194946498;0.124746674652994;0.0569314777831337;0.00191819467910927;-0.026426998349207;-0.00297328294254839;-0.00116762053221464;0.00212476029992104
00:01:35;56024.5444645053;28.6064567565918;-80.9595489501953;0.0841039791703224;0.00114182485701183;90.3772811889648;-4.8624297050992E-06;423.750575021261;516.041587859671;0.000331903080223128;5.12403630636982E-07;0.00831360928714275;-0.00506461365148425;0.00986166298389435;-0.00170045357663184;2.06997856102327;258.828338623047;0.000517406023995737;38.4426154196262;0;-8.11527589969309;-4.641461116104;-2.59162830641069;0.0384915098547935;342.176069391746;-8.06171280811897;-4.62023059426447;-2.60397742671359;2.07217561800929;0.000359304914318583;0.559020599971646;0.115855430258449;0.0569314777831337;0.00214619559849499;-0.0289514322258668;-0.00283825490623713;-0.00110606558155268;0.00207758904434741
00:01:36;56468.1535909092;28.606424331665;-80.9651031494141;0.0841039791703224;0.00106188062485789;90.3773727416992;-4.8624287956045E-06;413.47916404943;516.005408428201;0.000339775782776996;5.26819064816664E-07;0.00846444256603718;-0.00515532167628407;0.0100416354835033;-0.00172936671879143;2.05441124862624;257.676208496094;0.000490552635656524;36.2852029502392;0;-8.11146918279388;-4.63941934245711;-2.59116832158704;0.036330483853817;342.069751694904;-8.06085485068555;-4.6195881310767;-2.60283740060382;2.05689225839339;0.000358774310560901;0.57772614929766;0.107741179969831;0.0569314777831337;0.00229168854970899;-0.0322306105162896;-0.00270835845731199;-0.00104697654023767;0.00203135586343706
00:01:37;56900.876846741;28.6063938140869;-80.9706573486328;0.0841039791703224;0.000988861029990465;90.377326965332;3.88994158129208E-06;403.21211053041;515.970955807667;0.000347801280440763;6.0210487617951E-07;0.00862883776426315;-0.00525356782600284;0.010237842798233;-0.00176221679430455;2.03913791861507;256.514068603516;0.000465667700566794;34.2891663312912;0;-8.10790543106155;-4.6374849935597;-2.59063578846853;0.0343311168253422;341.960589739939;-8.06002424315554;-4.6189614456217;-2.60170655849819;2.04189286423796;0.000357277495322967;0.596237612918286;0.100329903669516;0.0569314777831337;0.00233259777267547;-0.035879973230947;-0.00258324015885592;-0.000990148633718491;0.00198621535673738
00:01:38;57322.7186951973;28.6063613891602;-80.9762115478516;0.0841039791703224;0.000922109289370221;90.377197265625;-1.94496988115134E-06;392.949179784718;515.938085121714;0.000353206036379561;4.37844164480339E-07;0.00879688654094934;-0.00535944290459156;0.0104354247450829;-0.00179587281309068;2.0241388548593;255.349182128906;0.000442589778414193;32.4418395757675;0;-8.10456366870918;-4.63565324428149;-2.5900365275485;0.0324807390570641;341.848944343639;-8.05922096166928;-4.61835052189928;-2.60058487958305;2.02715769144715;0.000351846782719283;0.616254910353632;0.0935548548456949;0.0569314777831337;0.00231793937962166;-0.0394071863998096;-0.00247053802013397;-0.000938836776185781;0.00194642471615225
00:01:39;57733.6833639611;28.6063289642334;-80.9817657470703;0.0841039791703224;0.00086103318400759;90.3771057128906;-2.91745413960598E-06;382.690138268468;515.906676800563;0.0003617026086431;5.74311400214356E-07;0.0089682275429368;-0.0054608341306448;0.0106403408572078;-0.0018307255813852;2.00939763082669;254.18815612793;0.000421171242196228;30.7314917445183;0;-8.10143887314029;-4.63392753007238;-2.58939923229349;0.0307675562798977;341.735151209962;-8.05844498331203;-4.61775534449678;-2.59947234360766;2.01267072209408;0.000352064722596155;0.635101385411806;0.0873560053121988;0.0569314777831337;0.00231016161842483;-0.0426739086367796;-0.00235762563534081;-0.000887634058017284;0.00190530170220882
00:01:40;58133.774835133;28.6062965393066;-80.9873123168945;0.0841039791703224;0.000805100079210843;90.3770217895508;3.88993703381857E-06;372.434764327278;515.87662183703;0.000367734202882275;6.40159271370067E-07;0.00914482120424509;-0.00556821562349796;0.010849554091692;-0.00186863075941801;1.99490158174158;253.036804199219;0.000401276471833406;29.1472114622593;0;-8.09851553718763;-4.63229833491667;-2.58872012011643;0.0291806720197201;341.61952268336;-8.05769628615327;-4.61717589860464;-2.59836893083979;1.99841912019053;0.000356759154575172;0.654043042108711;0.0816791923968856;0.0569314777831337;0.00231788101618876;-0.0454642485116825;-0.00225025392137468;-0.000838972744531929;0.00186613562982529
00:01:41;58522.9968814468;28.6062660217285;-80.9928665161133;0.0841039791703224;0.000753828528091845;90.377067565918;-3.88993612432387E-06;362.182861991569;515.847824343418;0.000371834059478715;5.83526741593232E-07;0.00931910704821348;-0.00567727675661445;0.0110542690381408;-0.00190639914944768;1.98064098994514;251.900344848633;0.000382780900115496;27.6788882911205;0;-8.0957630724719;-4.63075686532329;-2.5880121755751;0.0277099516242743;341.502349427817;-8.05697484915548;-4.61661216995783;-2.59727462204263;1.98439300233835;0.000346142732794645;0.673578593866384;0.0764755846738179;0.0569314777831337;0.00235894198408154;-0.0479330725672141;-0.00215082615613937;-0.000794133928138763;0.00182862463407218
00:01:42;58901.3530835649;28.6062335968018;-80.9984130859375;0.0841039791703224;0.000706785603035773;90.377197265625;0;351.934264348667;515.820207195919;0.000377844989998266;5.7411608622715E-07;0.00949213746935129;-0.00578359281644225;0.0112588834017515;-0.00194245879538357;1.9666093635115;250.783325195313;0.000365570662993811;26.3171959668398;0;-8.09315683077422;-4.6292880514195;-2.58727596717084;0.0263460539281368;341.383901614862;-8.05628065214363;-4.61606414480972;-2.59618939841692;1.97058578311065;0.000355734731341359;0.691494964878765;0.0717012517832807;0.0569314777831337;0.00249056653301433;-0.0502952016451919;-0.00205018976703286;-0.00074890605174005;0.00178986915852875
00:01:43;59268.8468589559;28.606201171875;-81.0039672851563;0.0841039791703224;0.000663580753660314;90.3773574829102;3.88993430533446E-06;341.68882026469;515.793700299287;0.000384787475923076;4.18628729903503E-07;0.00966267567127943;-0.00588985811918974;0.0114603573456407;-0.00197503389790654;1.95280289713414;249.689727783203;0.0003495411328662;25.0535104423761;0;-8.0906857918144;-4.62788663557428;-2.58651586535248;0.025080343708396;341.26442991506;-8.05561367573375;-4.61553180989558;-2.59511324155983;1.95699373317107;0.000351703303205891;0.709684643991048;0.0673165327073813;0.0569314777831337;0.00266612207167598;-0.0528428498975138;-0.00195625121705234;-0.00070692872395739;0.00175235222559422
00:01:44;59625.4814709648;28.6061687469482;-81.0095138549805;0.0841039791703224;0.000623862442604746;90.3776245117188;-1.94496669791988E-06;331.4463905004;515.768230845084;0.000388139684218913;4.24347490479704E-07;0.00983121059834957;-0.00599492620676756;0.0116582717746496;-0.00201278435997665;1.93922005877116;248.623062133789;0.000334597011382516;23.8799322396517;0;-8.08834470903401;-4.62654867690143;-2.58572710738711;0.0239048879593611;341.144166489295;-8.05497390131658;-4.61501515241047;-2.59404613344884;1.94361548544325;0.000352491848550173;0.726638964327119;0.0632857118984511;0.0569314777831337;0.00292883380915525;-0.0557568607023828;-0.0018636689055711;-0.000665814033709466;0.00171393784694374
00:01:45;59971.2600367498;28.6061363220215;-81.0150604248047;0.0841039791703224;0.000587313677072818;90.3778686523438;-2.9174493647588E-06;321.206845516124;515.743728270484;0.000396117684431374;5.08285950218124E-07;0.00999816507101059;-0.00609464151784778;0.011857477016747;-0.00204660673625767;1.92586214402707;247.586212158203;0.000320650549102609;22.7891467511654;0;-8.08612151808304;-4.62526688258501;-2.58490514561184;0.0228123906999826;341.02332684863;-8.054361311031;-4.61451416000577;-2.59298805643634;1.93045171323729;0.00036812308258683;0.742286382982655;0.0595766108723112;0.0569314777831337;0.00322460718081202;-0.059151343030037;-0.00177223060745746;-0.000625323562417179;0.00167537003289908
00:01:46;60306.1855417695;28.6061058044434;-81.0206069946289;0.0841039791703224;0.000553657014521185;90.3780517578125;-1.9449655610515E-06;310.970062327296;515.720125521904;0.000407157669542357;5.45049886113702E-07;0.0101719200611115;-0.00619716104120016;0.0120661705732346;-0.00207852595485747;1.91272582103275;246.583343505859;0.000307627038009078;21.774984896183;0;-8.08401677148167;-4.62403906599781;-2.58406121883325;0.0217966064810753;340.90211393903;-8.05377588772875;-4.61402882076728;-2.59193899323224;1.91749944866035;0.000370022568460524;0.757666032947868;0.0561610719017411;0.0569314777831337;0.0034570026585021;-0.0630861678915823;-0.00168585125356913;-0.000587307091336697;0.00163754040841013
00:01:48;60630.26083792;28.6060733795166;-81.0261535644531;0.0841039791703224;0.000522662882145233;90.3781433105469;-1.9449646515568E-06;300.735920830253;515.697357038276;0.00041045670513995;4.7416088477803E-07;0.0103436633944511;-0.00630554091185331;0.012267354875803;-0.00211592740379274;1.89981322483612;245.617309570313;0.000295468611778773;20.8324305713177;0;-8.08202433501855;-4.62286314034955;-2.58318838717204;0.0208525620400906;340.780717159152;-8.05321761498245;-4.61355912321252;-2.59089892689959;1.90476062456808;0.000368445637395314;0.772218029617491;0.0530156875006235;0.0569314777831337;0.00364225257197861;-0.0674560643941887;-0.00160260242410004;-0.000550801516510546;0.00160022254567593
00:01:49;60943.4886473417;28.6060409545898;-81.0317001342773;0.0841039791703224;0.000494119781272154;90.3782043457031;-2.91744663627469E-06;290.504301450228;515.675363367745;0.000418665935285389;5.4238341817836E-07;0.0105186272412539;-0.00641042087227106;0.0124759143218398;-0.00215135421603918;1.88713885468061;244.687835693359;0.000284122007200509;19.9566148221493;0;-8.08014388593104;-4.62174019974496;-2.58229321591933;0.019975334405899;340.659311300331;-8.05268647707408;-4.6131050562899;-2.58986784084511;1.89224940425369;0.000371715615114426;0.785913951979398;0.0501190713412289;0.0569314777831337;0.00381805990735966;-0.0720657851614692;-0.00152251275721937;-0.000515830586664379;0.00156353460624814
00:01:50;61245.8715674244;28.6060085296631;-81.0372467041016;0.0841039791703224;0.000467834653524733;90.3781661987305;-3.8899274841242E-06;280.27508514225;515.65408766304;0.000429214182076976;5.02760258314083E-07;0.0106949117034674;-0.00651585124433041;0.012686931528151;-0.00218343501910567;1.8747176479272;243.794570922852;0.00027353661353139;19.1429611295462;0;-8.07837314571134;-4.62067110180928;-2.58137928602204;0.0191603768616915;340.538056796454;-8.05218245898283;-4.61266660937138;-2.58884571880992;1.87998098512192;0.000364095561735331;0.799313202360351;0.0474515873679484;0.0569314777831337;0.00387963291227286;-0.0767281869444512;-0.00144710659515113;-0.000483044277643785;0.00152816425543278
00:01:51;61537.4120715549;28.6059761047363;-81.0427932739258;0.0841039791703224;0.000443629250675651;90.3781127929688;1.94496305994107E-06;270.048154270767;515.633476533469;0.000435210997238755;4.94039056775364E-07;0.0108768083155155;-0.0066278912127018;0.012901833280921;-0.00222153472714126;1.86256453829819;242.937194824219;0.000263665277884468;18.3872412890196;0;-8.07671056176115;-4.6196513708068;-2.58045113519953;0.0184034314006567;340.417100432821;-8.05170554638653;-4.61224377224483;-2.58783254486613;1.867970312178;0.00037330959989092;0.81066568945844;0.0449951468087559;0.0569314777831337;0.00396049836684639;-0.0811979563626757;-0.00137214572168887;-0.00045059627154842;0.001492177718319
00:01:52;61818.1125099994;28.6059455871582;-81.04833984375;0.0841039791703224;0.000421340805443629;90.3781127929688;9.72481075223186E-07;259.823392274007;515.613477897313;0.000439652299974114;3.73367612382935E-07;0.0110600655898452;-0.0067435740493238;0.0131168551743031;-0.00225964072160423;1.85069476851598;242.115325927734;0.000254463694324545;17.6855158060789;0;-8.07515309490701;-4.61868696251797;-2.57950533034558;0.0177005715668201;340.296576420022;-8.05125572565695;-4.61183653511864;-2.58682830340963;1.85623262528849;0.000374525485509392;0.821706059884337;0.0427332503587132;0.0569314777831337;0.00401988566120448;-0.0852931927019088;-0.00130181049462408;-0.000420265336288139;0.00145776581484824
00:01:53;62087.9751159474;28.6059131622314;-81.0538864135742;0.0841039791703224;0.000400819908871697;90.3780517578125;0;249.600686573141;515.594040977791;0.000448948179837316;4.80538517422247E-07;0.0112390955910087;-0.00684964191168547;0.0133309718221426;-0.00229579326696694;1.83912333518855;241.328659057617;0.000245890781788032;17.0341618359089;0;-8.07369854241436;-4.61777128732903;-2.57854242691419;0.0170481503009796;340.1766071734;-8.0508329838453;-4.61144488860877;-2.58583297915693;1.84478303407769;0.000371606367047555;0.831858716746707;0.040650733780119;0.0569314777831337;0.00405122098837895;-0.0889534712979879;-0.00123471615370363;-0.000391441019019112;0.00142427498940378
00:01:54;62347.0020064842;28.6058807373047;-81.0594253540039;0.0841039791703224;0.000381930243538371;90.3780517578125;-2.91744186142751E-06;239.379927761657;515.575117625557;0.00045541295548901;4.76584233410904E-07;0.0114170480519533;-0.00695876171812415;0.0135415950790048;-0.00233253417536616;1.8278655295461;240.576812744141;0.000237908083283624;16.4298117160797;0;-8.07234368697605;-4.61690541942061;-2.57756533391028;0.0164428036659956;340.05730455797;-8.0504373086821;-4.61106882373695;-2.58484655713454;1.83363704955106;0.000375408966398945;0.841134929425871;0.0387337503083585;0.0569314777831337;0.00407989661053662;-0.0920354712734614;-0.00117069331463426;-0.000364020874258131;0.00139191374182701
00:01:55;62595.1951912381;28.6058483123779;-81.0649719238281;0.0841039791703224;0.000364547021660229;90.3781051635742;-3.88992111766129E-06;229.161010086281;515.556658503716;0.000463536300230771;4.95317863169475E-07;0.0115935355424881;-0.00706527009606361;0.0137516660615802;-0.00236787274479866;1.8169363848976;239.859466552734;0.000230479891429901;15.8693641424179;0;-8.07108447898249;-4.61608711824872;-2.57657040821069;0.0158814247697592;339.938771101117;-8.05006868855427;-4.61070833191531;-2.58386902267767;1.82280970657756;0.000356706442828752;0.850719814493031;0.0369696201457917;0.0569314777831337;0.00414528199828938;-0.0945921998997667;-0.00111204979475588;-0.000338988902512938;0.00136178825050592
00:01:56;62832.5565732168;28.6058158874512;-81.0705184936523;0.0841039791703224;0.000348556218738918;90.3781967163086;-3.88991975341924E-06;218.943834439519;515.538614557532;0.000466796918772161;5.12867018187535E-07;0.0117673017084599;-0.007174136582762;0.0139554580673575;-0.00240663182921708;1.80635097107547;239.17626953125;0.000223573026407511;15.3499552980065;0;-8.06991625372441;-4.61531369978063;-2.57555649572623;0.0153611358255148;339.821097881599;-8.04972711250275;-4.61036340494954;-2.58290036141968;1.81231647874336;0.00036839102614303;0.857714251948873;0.0353467836155765;0.0569314777831337;0.00425585068835609;-0.0966778450910025;-0.00105292641092092;-0.000313790864311159;0.00133117206860334
00:01:57;63059.087955568;28.605785369873;-81.076057434082;0.0841039791703224;0.00033385391484467;90.378288269043;-6.80735865898896E-06;208.728305039468;515.520938687323;0.000472416868433356;5.82589052555704E-07;0.0119343083351851;-0.00727606704458594;0.0141530865803361;-0.00244259578175843;1.79612430405239;238.52685546875;0.000217156570938553;14.8689355701208;0;-8.06883503537691;-4.61458131850199;-2.57452516164728;0.0148793021216989;339.704358594016;-8.04941257020332;-4.61003403502835;-2.5819405592921;1.80217201614679;0.000381298989115069;0.863917070630234;0.0338547172322442;0.0569314777831337;0.00433592281716033;-0.0983486158354493;-0.000996920978650451;-0.000289996474748477;0.0013017903547734
00:01:58;63274.7910433263;28.6057529449463;-81.0816040039063;0.0841039791703224;0.000320345848996831;90.3784866333008;4.86239696328994E-06;198.514331149512;515.503581801045;0.00048010319005698;4.71781362421098E-07;0.0121026821434498;-0.00737929809838533;0.0143530024215579;-0.00247432175092399;1.78627100435877;237.910919189453;0.000211202457513618;14.4239086657763;0;-8.06783851705429;-4.61389084150902;-2.57347183148255;0.0144335106015205;339.588614698297;-8.04912505196792;-4.60972021471282;-2.58098960251701;1.79239138912897;0.000370817700716475;0.870487366556952;0.0324838012494557;0.0569314777831337;0.00444844918355094;-0.0996661906419828;-0.00094567408086732;-0.000268218311248347;0.00127488700672984
00:01:59;63479.6674506329;28.6057205200195;-81.0871429443359;0.0841039791703224;0.000307945629692761;90.3786239624023;-5.83487371841329E-06;188.301827668459;515.486497656141;0.000484143063658848;4.07460333917697E-07;0.0122619224712253;-0.00747925089672208;0.0145401358604431;-0.00250748870894313;1.77680560482618;237.328125;0.000205684437936047;14.0126496553421;0;-8.06692189061779;-4.61323728786542;-2.57240065811129;0.0140215186402202;339.473921440948;-8.0488645487201;-4.60942193693566;-2.58004747760188;1.78298948463583;0.000381769288959185;0.875213125650749;0.0312253089883957;0.0569314777831337;0.00458212979314392;-0.100698331186917;-0.000895289645995945;-0.000246833136770874;0.00124830438289791
00:02:00;63673.7187060872;28.6056880950928;-81.0926895141602;0.0841039791703224;0.000296575448104313;90.3787841796875;-9.72478915173269E-07;178.090711243468;515.469638358734;0.00049393146764487;4.04897718908614E-07;0.0124176247045398;-0.0075710266828537;0.0147271370515227;-0.0025363985914737;1.76774232735456;236.77815246582;0.000200578395406185;13.6331245303154;0;-8.06608354733921;-4.6126211242871;-2.57130667864012;0.0136413117870688;339.36032992766;-8.04863105198374;-4.60913919499136;-2.57911417132999;1.77398039590883;0.000381175824922746;0.879811626784429;0.0300713302363463;0.0569314777831337;0.00465958849082834;-0.101422392396223;-0.000848506693728268;-0.000226975316763856;0.00122363772243261
00:02:01;63856.9462505337;28.605655670166;-81.0982284545898;0.0841039791703224;0.000286164417676643;90.3789367675781;-9.72478460425918E-07;167.880904102044;515.452959441331;0.000497039291076362;4.7141148229457E-07;0.0125702898949385;-0.00766609190031886;0.0149064399302006;-0.00257082143798471;1.7590950858292;236.260681152344;0.000195862328556092;13.283483684063;0;-8.06531922678268;-4.61204010914574;-2.57019173930924;0.0132910273969173;339.247895352941;-8.04842455389143;-4.60887198253208;-2.57818967076385;1.76537846854437;0.000370416063040105;0.884284235082412;0.0290146457269898;0.0569314777831337;0.00473371922219251;-0.101858364590541;-0.000805037852842361;-0.0002085007581627;0.00120087247341871
00:02:02;64029.3514462905;28.6056251525879;-81.1037673950195;0.0841039791703224;0.000276648183214097;90.3790664672852;3.88991293220897E-06;157.672328910873;515.436416311542;0.000503526476677507;4.28670261953812E-07;0.012717074714601;-0.00775552820414305;0.0150808189064264;-0.00259950873441994;1.75087733323418;235.775421142578;0.000191515988222502;12.9620349034667;0;-8.06462730413183;-4.61149191100876;-2.56905900922679;0.0129689713940024;339.136702988362;-8.0482450471581;-4.60862029356258;-2.57727396323147;1.75719691157688;0.000382251931867799;0.887142491147592;0.0280487628700894;0.0569314777831337;0.00480598315747019;-0.101922777911939;-0.000762342300731689;-0.000190310369362123;0.00117876625154167
00:02:03;64190.9355785605;28.6055927276611;-81.1093063354492;0.0841039791703224;0.000267968955318886;90.3791885375977;7.77982222643914E-06;147.464913785695;515.419964449812;0.00050925969844684;4.74400110306306E-07;0.0128598669543862;-0.00784208811819553;0.0152503121644259;-0.00262932665646076;1.74310211873717;235.322082519531;0.00018752099799541;12.6672461628914;0;-8.06400425226716;-4.6109761295297;-2.5679054334315;0.0126736089587212;339.026854301139;-8.04809252507768;-4.60838412243424;-2.57636703632945;1.7494493620242;0.000374443925428203;0.890445177220856;0.0271677935075106;0.0569314777831337;0.00481187619668207;-0.101534937281598;-0.000723425997421145;-0.000173665626789443;0.0011590194189921
00:02:05;64341.6998564964;28.6055603027344;-81.1148529052734;0.0841039791703224;0.000260074332572898;90.3793334960938;-2.91743322122784E-06;137.258586599894;515.403562109933;0.000516160798724741;5.91694345075666E-07;0.0129963476210833;-0.00792270246893168;0.0154134351760149;-0.00265818648040295;1.73578192530167;234.900405883789;0.000183860796352127;12.3977400362492;0;-8.06344980627017;-4.61049177899128;-2.56673142974751;0.0124035431072116;338.918447009491;-8.04796698152371;-4.60816346384169;-2.57546887791348;1.7421484238759;0.000385537947160654;0.892375103329776;0.0263664270124608;0.0569314777831337;0.0048289662605258;-0.100619230270543;-0.000685392064042389;-0.00015733226609882;0.00114009575918317
00:02:06;64481.6454166947;28.6055278778076;-81.1203918457031;0.0841039791703224;0.000252917744563873;90.3794250488281;1.94495464711508E-06;127.053275041938;515.387162724;0.00052158412290737;4.20265592993019E-07;0.0131296189501882;-0.00800566747784615;0.0155711593106389;-0.00268227327615023;1.72892877845593;234.510116577148;0.000180520068074186;12.1522499248385;0;-8.06296659018095;-4.61004177307371;-2.56553136948116;0.0121575342491269;338.811568150659;-8.04786841093597;-4.60795831282247;-2.57457947609953;1.73530646781773;0.000369662410251117;0.895158094861143;0.0256398948115096;0.0569314777831337;0.0047752969150158;-0.0990836893554684;-0.000651041569653898;-0.000142411387059838;0.00112395384348929
00:02:07;64610.7733227508;28.6054954528809;-81.1259307861328;0.0841039791703224;0.000246458052399627;90.3794555664063;-1.94495419236773E-06;116.84891181219;515.370720085164;0.000525428331457078;3.71225468143166E-07;0.0132529083639383;-0.00808238238096237;0.0157165732234716;-0.00270717940293252;1.72255408098579;234.150955200195;0.000177485212848367;11.9296507909894;0;-8.06254960876372;-4.60962016159154;-2.56430928503174;0.0119344322010875;338.706292549144;-8.04779680832069;-4.6077686647569;-2.57369881926705;1.72893995793877;0.000380905807247905;0.897103699019576;0.0249840761258253;0.0569314777831337;0.00463440967205104;-0.0967853340122324;-0.000617660698480904;-0.000127754115965217;0.00110923883039504
00:02:08;64729.0845680563;28.6054630279541;-81.1314697265625;0.0841039791703224;0.000240659959874768;90.3794860839844;-9.72476641436515E-07;106.645428964273;515.354188304764;0.000527117575984448;3.87275292723643E-07;0.0133744068443775;-0.00815944094210863;0.0158585794270039;-0.00273409299552441;1.71666847897149;233.822708129883;0.000174743998766876;11.728934943676;0;-8.06219699114798;-4.60922730431163;-2.56306453403329;0.0117332376539707;338.60268241541;-8.04775216924863;-4.60759451535463;-2.57282689605615;1.72306742683032;0.000375763715368796;0.899392224200938;0.0243953556255101;0.0569314777831337;0.00443130159004669;-0.0935842587203599;-0.000586835027206689;-0.000114013229904231;0.00109679612796754
00:02:09;64836.5800803266;28.605432510376;-81.1370086669922;0.0841039791703224;0.000235488815455313;90.379508972168;-3.88990611099871E-06;96.4427621923059;515.337524990454;0.000536816485691816;4.98565384532412E-07;0.0134865827858448;-0.00822156853973866;0.0159953646361828;-0.0027558202855289;1.71128203459785;233.525146484375;0.000172285584291123;11.5492083132267;0;-8.06190797226094;-4.60886368075914;-2.56179746919584;0.0115530481562018;338.500797383962;-8.04773448983816;-4.60743586065967;-2.57196369535932;1.71769533811831;0.000359472415658284;0.901878480725923;0.0238702245575925;0.0569314777831337;0.00421497794245677;-0.0894200458207101;-0.000558339990675449;-0.000101132704003248;0.00108636182267219
00:02:10;64933.260723738;28.6054000854492;-81.1425476074219;0.0841039791703224;0.000230914137307594;90.379508972168;-6.80733273838996E-06;86.2408500650868;515.320689989727;0.000540203764103353;5.3982665804142E-07;0.013592523522675;-0.00828665215522051;0.016120495274663;-0.00277866912074387;1.70640389566165;233.258102416992;0.000170100266105437;11.3896755501628;0;-8.06167718263668;-4.6085261493946;-2.56051118824666;0.0113930702209473;338.400719923741;-8.04774376675489;-4.6072926970414;-2.57110920631366;1.7128296035439;0.000352580251291425;0.903865807316488;0.0234055731847872;0.0569314777831337;0.00394077361090478;-0.0841920502774488;-0.00053086323896423;-8.85046247276478E-05;0.00107748061418533
00:02:11;65019.1273019705;28.6053676605225;-81.1480865478516;0.0841039791703224;0.000226909293167141;90.3795166015625;-9.72475731941813E-07;76.0396318909515;515.303643736315;0.00054412562167272;4.34252370951072E-07;0.0136860180646181;-0.00834441371262074;0.0162313580513;-0.00279569253325462;1.7020425943988;233.021377563477;0.000168179514750347;11.2496362999082;0;-8.06150524389606;-4.60821753734638;-2.55920493901671;0.0112526016309857;338.302492329248;-8.04777999720387;-4.60716502118957;-2.57026341829886;1.70847628821272;0.000349380218076103;0.905668053531926;0.0229987205838573;0.0569314777831337;0.0036368906400156;-0.0778979846368418;-0.000504849362187088;-7.63480347814038E-05;0.00107028463389724
00:02:12;65094.180560586;28.6053352355957;-81.1536254882813;0.0841039791703224;0.000223451199132513;90.3795547485352;5.83485280003515E-06;65.8390509094263;515.286349075745;0.000543410249520093;3.42479410164742E-07;0.0137708969414234;-0.00840120855718851;0.016329113394022;-0.00281340559013188;1.69820572135827;232.814819335938;0.000166516119949329;11.1284973099828;0;-8.06138848640633;-4.60793250210997;-2.55787974245474;0.0111310323700309;338.20604918116;-8.04784317892293;-4.60705283011597;-2.56942632092765;1.70464091469778;0.000352314245674739;0.907045039335038;0.022647307985773;0.0569314777831337;0.00325985223264361;-0.0705798576799171;-0.000479773239931092;-6.44091269350611E-05;0.00106460577808321
00:02:13;65158.4211862432;28.6053028106689;-81.1591644287109;0.0841039791703224;0.000220520385227721;90.3795776367188;-9.72475163507625E-07;55.6390524910176;515.268769316319;0.00054596143309027;4.44968605961549E-07;0.013846218585968;-0.00844678189605474;0.0164182484149933;-0.00283083086833358;1.69490011516518;232.638259887695;0.000165103667891992;11.0257333144546;0;-8.06132335455044;-4.60767259082962;-2.55653504686534;0.0110278613865376;338.111327973479;-8.04793331018945;-4.60695612114563;-2.56859790404781;1.70132783760605;0.000336984776429055;0.908627949237563;0.0223493509194045;0.0569314777831337;0.00288882025642392;-0.062227778018275;-0.000456704059615731;-5.31969199073501E-05;0.00106075848452747
00:02:14;65211.8498153267;28.6052703857422;-81.1647033691406;0.0841039791703224;0.000218100306206831;90.379638671875;-9.72474936133949E-07;45.4395837767857;515.250868041037;0.000549004704225808;3.94434465533777E-07;0.0139096397906542;-0.00848532468080521;0.0164937805384398;-0.00284249801188707;1.69213149234763;232.491607666016;0.000163936894493306;10.940914042294;0;-8.06131087657556;-4.60743621087765;-2.55517091515691;0.0109426444396377;338.018369945014;-8.04805038979477;-4.60687489191368;-2.56777815773089;1.6985419598748;0.000322715035942254;0.909752584685971;0.022103177491739;0.0569314777831337;0.00251058039636154;-0.0529862105600484;-0.000434387417044491;-4.21162621933036E-05;0.00105835066642612
00:02:15;65254.4670313168;28.6052379608154;-81.1702423095703;0.0841039791703224;0.000216177148386919;90.3797073364258;3.88989838029374E-06;35.2405965552553;515.23260932392;0.000550506578292698;4.58430690741807E-07;0.0139639265835285;-0.00851865112781525;0.016557764261961;-0.00285501941107214;1.6899047524668;232.374755859375;0.000163011401072366;10.8736800029874;0;-8.0613450751267;-4.60722108355605;-2.55378733159717;0.0108750136569142;337.927201794149;-8.04819441705268;-4.60680914036563;-2.56696707227362;1.69628676096518;0.000319627458132018;0.91062701398831;0.0219073757494756;0.0569314777831337;0.00208084835553839;-0.0429406295993426;-0.000412882800446823;-3.11806034005713E-05;0.0010575857013464
00:02:16;65286.2733709207;28.6052074432373;-81.1757736206055;0.0841039791703224;0.000214740237701993;90.3797607421875;-9.7247436769976E-07;25.0420443552914;515.21395780836;0.000554429832845926;4.78337085496605E-07;0.0140006253495812;-0.00853824242949486;0.0166029836982489;-0.00286181713454425;1.6882238379235;232.287612915039;0.000162323698016685;10.8237462118268;0;-8.06142462285152;-4.60702594384871;-2.55238344830246;0.0108246887102723;337.837839074805;-8.04836539178512;-4.6067588647469;-2.5661646381923;1.69456523726686;0.000327695992018644;0.911157644233444;0.0217608505294112;0.0569314777831337;0.00165665688057947;-0.0322619033264127;-0.000391893001506105;-2.02373557840474E-05;0.00105840840842575
00:02:17;65307.2693259548;28.6051750183105;-81.1813125610352;0.0841039791703224;0.000213781486242557;90.3798828125;1.94494850802585E-06;14.8438836738055;515.194878449315;0.000555473379790783;4.55117174169573E-07;0.014027469791472;-0.0085547985509038;0.0166347958147526;-0.00286688422784209;1.68709166282716;232.230117797852;0.000161871104362357;10.7908956706524;0;-8.06154922613975;-4.60685034805875;-2.55095955644212;0.0107914507389069;337.750289392965;-8.04856331431732;-4.60672406359975;-2.56537084622177;1.69337996012228;0.000301244656223492;0.911600594408834;0.021662793975459;0.0569314777831337;0.00124381292458656;-0.0211477936049475;-0.000372590293409303;-9.91027991403826E-06;0.00106069189496338
00:02:18;65317.4553412367;28.6051425933838;-81.1868515014648;0.0841039791703224;0.000213295517678611;90.3800277709961;-5.83484234084608E-06;4.64607213167981;515.175335727074;0.000552376906853169;3.63247949053402E-07;0.0140400752425194;-0.0085670305415988;0.0166472680866718;-0.00286902068182826;1.68651009493672;232.202239990234;0.000161651879563904;10.7749877497554;0;-8.06171688234183;-4.60669489467989;-2.5495137698766;0.0107751647010446;337.664567576774;-8.04878818548298;-4.60670473577007;-2.56458568731046;1.69273195237023;0.00029857564547931;0.911693090856381;0.0216126621125695;0.0569314777831337;0.000850944843646966;-0.00975681355223245;-0.000353723793523386;4.39924406236969E-07;0.00106455700006336
00:02:19;65316.8318212461;28.605110168457;-81.1923904418945;0.0841039791703224;0.000213279695009476;90.380126953125;-1.94494691641012E-06;-5.55142425065804;515.155294592655;0.000553421734366566;4.63580562382049E-07;0.0140404654666781;-0.0085655152797699;0.0166484303772449;-0.00287066493183374;1.686480052987;232.203948974609;0.000161665332566181;10.7759637758136;0;-8.06191607618028;-4.60655045428759;-2.54804403518576;0.0107757560908794;337.580853739797;-8.0490400066061;-4.6067008803965;-2.5638091526217;1.69262271739756;0.000317951350568842;0.911535308194918;0.0216101481062945;0.0569314777831337;0.000442184087320801;0.00173415851685723;-0.000334521319018677;1.13115220301552E-05;0.00107034598477185
00:02:20;65305.399140398;28.6050777435303;-81.1979217529297;0.0841039791703224;0.000213733778492242;90.3803100585938;9.72473117144546E-07;-15.7486362397208;515.134720520331;0.000554075988475233;3.99247198856756E-07;0.0140284225344658;-0.00855728518217802;0.0166349448263645;-0.00286658806726336;1.68700139478684;232.235244750977;0.000161911383239763;10.7938190922141;0;-8.06215162633458;-4.60642151290379;-2.54655166380018;0.0107932267710567;337.499101214754;-8.04931877948027;-4.60671249689035;-2.5630412335194;1.69305168761387;0.000318132779769386;0.911134811912292;0.0216552610063593;0.0569314777831337;6.86903602724947E-05;0.0131158609663051;-0.000316168472636491;2.20166948565748E-05;0.00107766990549862
00:02:21;65283.1576410355;28.6050453186035;-81.2034606933594;0.0841039791703224;0.000214660388098811;90.3804550170898;-4.86236331198597E-06;-25.9455964064396;515.113577965169;0.000552947109099478;4.08989308198215E-07;0.0139994481578469;-0.00853951368480921;0.0166005957871675;-0.00286089698784053;1.68807291335254;232.296157836914;0.00016239099541414;10.8286319300532;0;-8.06242341762076;-4.60630808509532;-2.54503615983873;0.0108276521787047;337.419180077121;-8.04962450636745;-4.60673958494758;-2.56228192157286;1.69401828275623;0.000303281054562049;0.910473798613987;0.0217482431577775;0.0569314777831337;-0.000279877048090469;0.0240880251869147;-0.000298839207971469;3.24408174492419E-05;0.00108649756293744
00:02:22;65250.1076233843;28.6050128936768;-81.2089996337891;0.0841039791703224;0.000216064573054079;90.380615234375;-9.72472548710357E-07;-36.1423391316685;515.091831964728;0.0005495292134583;3.3837139312709E-07;0.0139601659029722;-0.00851800013333559;0.0165527928620577;-0.00285199796780944;1.6896925074985;232.386703491211;0.000163105871541202;10.8805410563946;0;-8.06272866472647;-4.60620757414116;-2.54349592871649;0.0108791757375002;337.341033931686;-8.04995719002703;-4.60678214455694;-2.56153120856337;1.69552060511202;0.00028554299030177;0.909556013651099;0.021889604955727;0.0569314777831337;-0.000637151824681108;0.0345218425519854;-0.000281387357972562;4.32712040492333E-05;0.00109716155566275
00:02:24;65206.2493587267;28.60498046875;-81.2145309448242;0.0841039791703224;0.000217954364860198;90.3807601928711;-3.88988883059938E-06;-46.3388833365456;515.069447712087;0.000549713557120413;4.10962513797131E-07;0.0139106716960669;-0.00848500058054924;0.0164955146610737;-0.00284283864311874;1.69185686411961;232.506973266602;0.00016405888730131;10.9497793018818;0;-8.06306030723565;-4.60611578770236;-2.54193084343689;0.0109480172395706;337.264637201893;-8.05031683368319;-4.60684017598056;-2.56078908647403;1.69755688085631;0.000276311596383143;0.908386206535136;0.022080152127683;0.0569314777831337;-0.000958635955639443;0.04428293224785;-0.000264337082626298;5.41707340744324E-05;0.00110955501440912
00:02:25;65151.5830948502;28.6049480438232;-81.2200698852539;0.0841039791703224;0.000220340116122462;90.3809509277344;-1.94494396055234E-06;-56.5352522529031;515.046389320847;0.000545681628864259;3.35397828621353E-07;0.0138465920463204;-0.00844792928546667;0.016418594866991;-0.00282862479798496;1.69456179852007;232.657043457031;0.000165253548941276;11.0366335138679;0;-8.06341903511596;-4.60603415585616;-2.54033842987819;0.0110344663262367;337.189977247451;-8.0507034410091;-4.60691367975026;-2.56005554748483;1.70012324907165;0.00024580713177372;0.906621864417119;0.022320939344405;0.0569314777831337;-0.00124047703751677;0.0532598251209584;-0.000248047756031156;6.48903514957055E-05;0.00112321437336504
00:02:26;65086.1090543186;28.6049156188965;-81.2256011962891;0.0841039791703224;0.000223235497824182;90.3810424804688;0;-66.7314656389776;515.022621583799;0.000542892143130302;4.51522737421328E-07;0.0137709630653262;-0.0084010511636734;0.0163289047777653;-0.0028154996689409;1.69780216899043;232.837005615234;0.000166694299260049;11.1414669081569;0;-8.0638020357848;-4.60595982329282;-2.53871834080735;0.0111388918012381;337.117047347591;-8.05111701613135;-4.60700265666985;-2.5593305839742;1.70321675638628;0.000255210212626452;0.905118260146478;0.0226133106171354;0.0569314777831337;-0.00154340326441386;0.061344435275794;-0.000230827528866939;7.65590812079608E-05;0.00113960087765008
00:02:27;65009.8274382055;28.6048851013184;-81.2311401367188;0.0841039791703224;0.000226656649083924;90.3811645507813;-1.94494305105763E-06;-76.9275402861583;514.99810857518;0.000540824490599334;4.11420018053832E-07;0.0136891007423401;-0.00834991130977869;0.0162326842546463;-0.00279782363213599;1.7015717877968;233.046997070313;0.000168386652559063;11.264730244875;0;-8.06420813939431;-4.6058931722232;-2.53707098317655;0.0112617360427976;337.045844080705;-8.05155756362148;-4.60710710780559;-2.55861418852138;1.70683227369073;0.000249443731550316;0.903220428263435;0.0229589409347548;0.0569314777831337;-0.0018235091806575;0.0684997767309029;-0.000213984429137781;8.83226384758018E-05;0.0011576721444726
00:02:28;64922.7384269293;28.6048526763916;-81.2366790771484;0.0841039791703224;0.000230622928227005;90.3812255859375;-9.72471184468304E-07;-87.123490914963;514.972813317904;0.000534839811734855;3.33214273950944E-07;0.0135965393856168;-0.00829638633877039;0.0161214824765921;-0.00277770287357271;1.70586366811231;233.287139892578;0.000170336960869135;11.4069441333413;0;-8.06463619300149;-4.60583282633138;-2.53539331741566;0.011403514072299;336.976366343089;-8.05202508849447;-4.60722703448849;-2.55790635389775;1.71096519797328;0.000240369520507151;0.901123899643519;0.0233597597422278;0.0569314777831337;-0.00209838177298212;0.0746684295446489;-0.000197066023247316;0.000100486227893271;0.00117782177403569
00:02:29;64824.8421843993;28.6048202514648;-81.2422103881836;0.0841039791703224;0.000235157005337017;90.3812561035156;-9.72470616034116E-07;-97.3193295476689;514.946698141009;0.000535720319021493;5.08243033436884E-07;0.0134942876175046;-0.0082277450710535;0.0160032343119383;-0.00275984196923673;1.71066978860969;233.5576171875;0.000172552553222374;11.5687130019069;0;-8.06508412261679;-4.60577586430923;-2.53368482021371;0.0115648359060287;336.908615062535;-8.05251959619572;-4.60736243830782;-2.55720707307351;1.7156097637534;0.000249478873042495;0.899157015978851;0.0238180736714562;0.0569314777831337;-0.0023731591078949;0.0799026870797644;-0.00017957879754249;0.000113392437924631;0.0012006190372631
00:02:30;64716.1388593297;28.6047878265381;-81.2477416992188;0.0841039791703224;0.000240285348695565;90.3812866210938;9.72470502347278E-07;-107.515066271665;514.919724637233;0.000529892859049141;4.33460485282922E-07;0.0133829964324832;-0.00816173292696476;0.0158704295754433;-0.00273584690876305;1.71598144821077;233.858581542969;0.00017504213190812;11.7507483810186;0;-8.06555006953857;-4.60572335357256;-2.53194319275739;0.0117464074864984;336.842593244397;-8.05304109259892;-4.60751332110758;-2.55651633921634;1.72076038894184;0.000246949004502947;0.896775158625317;0.024336541049118;0.0569314777831337;-0.00261318206076808;0.0842207717875358;-0.000162130672833882;0.000126609884318896;0.00122535263653845
00:02:31;64596.6285878317;28.6047554016113;-81.2532806396484;0.0841039791703224;0.000246037998267315;90.38134765625;-9.72470274973603E-07;-117.710708548227;514.891851428659;0.000524010334629565;4.79165294109407E-07;0.0132680647075176;-0.00809307582676411;0.0157331246882677;-0.00271347700618207;1.72178898689891;234.190246582031;0.000177815447905579;11.9538530707359;0;-8.06603275828973;-4.60567381904694;-2.53016602723526;0.0119490306824446;336.778306779182;-8.05358958399863;-4.60767968498485;-2.55583414568937;1.72641038802602;0.000245330648508134;0.894289128152138;0.0249181924140989;0.0569314777831337;-0.00281642062632554;0.0877118361467944;-0.000144264835398644;0.000140473290230148;0.00125258776824921
00:02:32;64466.3114979807;28.6047229766846;-81.2588119506836;0.0841039791703224;0.00025244899074894;90.3813705444336;-3.88987928090501E-06;-127.906261939382;514.863036543505;0.000517435313668102;4.66380896568808E-07;0.0131417755037546;-0.00801792368292809;0.0155823277309537;-0.00268754246644676;1.72808209134439;234.552810668945;0.000180883445134521;12.178928591311;0;-8.06653241332098;-4.60562714926656;-2.52835153494549;0.0121736023575068;336.715763512355;-8.05416507709704;-4.60786153228603;-2.55516048604871;1.73255308331162;0.000218174810557413;0.890942902066347;0.0255664984949472;0.0569314777831337;-0.00299100358011337;0.0904058421009576;-0.000126762432046235;0.000154403125634417;0.0012813291978091
00:02:33;64325.1877089515;28.6046905517578;-81.2643508911133;0.0841039791703224;0.00025955346589164;90.3814086914063;0;-138.101729164309;514.833235042295;0.000514111830852926;3.2647173497935E-07;0.0130113260820508;-0.00793642736971378;0.0154292155057192;-0.00265809358097613;1.73484956723349;234.946533203125;0.000184258535345106;12.4269993975759;0;-8.06704566695154;-4.60557974495839;-2.52649631981463;0.0124211460351944;336.654974299076;-8.05476757900756;-4.6080588656016;-2.55449535405227;1.73916933185776;0.000238854795976559;0.889197380498996;0.0262850008565694;0.0569314777831337;-0.00314893461274848;0.0924139202726363;-0.000107252119050827;0.000170275059645064;0.0013153338804841
00:02:34;64173.2573352261;28.6046581268311;-81.2698822021484;0.0841039791703224;0.000267391733874368;90.3814697265625;2.91740821012354E-06;-148.29711162106;514.802398189729;0.000506080745253712;3.96724345819166E-07;0.0128771048039198;-0.00785763747990131;0.015268050134182;-0.00263214926235378;1.74207983217707;235.371612548828;0.000187954453850352;12.6991989091039;0;-8.06757325827047;-4.605533960135;-2.52459606857466;0.012692796997726;336.595953175416;-8.05539709724101;-4.6082716877617;-2.55383874366436;1.74624271683471;0.000224376586471003;0.886191459305294;0.0270777679007454;0.0569314777831337;-0.00323752509293041;0.0938345614758351;-8.81624073372222E-05;0.000186129618668929;0.00135052565019578
00:02:35;64010.5204924857;28.6046257019043;-81.2754135131836;0.0841039791703224;0.000276009996740999;90.3815612792969;-2.91740661850781E-06;-158.492406336221;514.770481198044;0.000504137657117099;5.051894618191E-07;0.0127336317673326;-0.00776563724502921;0.015100035816431;-0.00260525499470532;1.74976035858674;235.828353881836;0.000191986480573788;12.9967955872416;0;-8.06811041086416;-4.60548438083721;-2.52265752300342;0.0129898097366095;336.538717664192;-8.05605363969079;-4.6085000018349;-2.55319064903956;1.75376055241235;0.000223733427183992;0.883245921739258;0.0279494780715873;0.0569314777831337;-0.00330073394145401;0.0947143697391694;-6.78026117384434E-05;0.000203203409910202;0.00138901069294661
00:02:36;63836.9772957526;28.6045932769775;-81.2809524536133;0.0841039791703224;0.000285460100075841;90.3816833496094;-2.91740570901311E-06;-168.687610735024;514.737441077339;0.000492441875394434;4.81416918773903E-07;0.0125839710235596;-0.00768118258565664;0.0149188227951527;-0.00257394905202091;1.75787840870714;236.316986083984;0.000196371421739592;13.321184553206;0;-8.06865656147937;-4.60543489816875;-2.520679624082;0.0133135877549648;336.48328911404;-8.0567372146412;-4.60874381112074;-2.55255106453141;1.76171008481297;0.000222958806148749;0.879788301787849;0.0289053574499793;0.0569314777831337;-0.00334183451313965;0.0950957869687699;-4.65342818642966E-05;0.000221181544475257;0.00143005687277764
00:02:37;63652.6278620875;28.6045608520508;-81.2864837646484;0.0841039791703224;0.000295799151285131;90.3817443847656;0;-178.882719589402;514.703233779292;0.000490841455757618;4.02975700808383E-07;0.012429678812623;-0.00758181884884834;0.0147390328347683;-0.00254126498475671;1.76642044232524;236.837829589844;0.000201127734623582;13.6739080771804;0;-8.06921045931501;-4.60538213281658;-2.51865996446838;0.013665665872395;336.429692978164;-8.05744783075933;-4.60900311915479;-2.55191998467962;1.77007777448894;0.000221841573249465;0.875769874975517;0.0299512040272175;0.0569314777831337;-0.00337351731115709;0.0950186003888361;-2.42102014453849E-05;0.000240149296587333;0.00147370574995875
00:02:38;63457.4723132644;28.604528427124;-81.2920150756836;0.0841039791703224;0.000307090612319151;90.381950378418;-3.88987200494739E-06;-189.077724593397;514.667816167815;0.000479176145745441;4.30003552764902E-07;0.0122740967199206;-0.00749340746551752;0.0145508637651801;-0.00250952807255089;1.77537267998724;237.391159057617;0.000206275878581836;14.0566751360893;0;-8.06976891894947;-4.60532586167018;-2.51659846347802;0.0140477456152439;336.377959079114;-8.05818549709101;-4.60927792969401;-2.5512974042201;1.77884963620272;0.000224588034511994;0.871142293532364;0.0310934407845634;0.0569314777831337;-0.00331217942753647;0.0945175813154949;-6.56588667879987E-07;0.000260196335148066;0.00151998980436474
00:02:39;63251.5107813673;28.6044960021973;-81.2975463867188;0.0841039791703224;0.000319404388737029;90.382080078125;2.91740366265003E-06;-199.272613992376;514.631143157383;0.00047404455835931;6.0078258456997E-07;0.0121130226179957;-0.0073937731795013;0.0143600180745125;-0.0024802559055388;1.7847208701782;237.977279663086;0.000211837911300043;14.471341855824;0;-8.07032969747391;-4.60526244892537;-2.51449382229803;0.0144616849720478;336.328121910582;-8.05895022304251;-4.60956824672368;-2.5506833180681;1.78801137516583;0.000236900448385704;0.866412197546954;0.0323391014610343;0.0569314777831337;-0.00325209719149125;0.0936042157059678;2.46563977270853E-05;0.000281771557638422;0.00156989169772714
00:02:41;63034.7434098311;28.6044635772705;-81.3030776977539;0.0841039791703224;0.000332817679239253;90.38232421875;0;-209.467373399371;514.593168110063;0.000469908962259069;3.76420700831659E-07;0.0119470367208123;-0.00728956190869212;0.014165555126965;-0.0024422740098089;1.79445033150216;238.596527099609;0.000217838125101251;14.9199590086937;0;-8.07089175974049;-4.60519290329642;-2.51234246589004;0.0149095244705677;336.280220851246;-8.0597420183827;-4.60987407444031;-2.55007772133162;1.79754836378036;0.000242147401842462;0.860444160584163;0.0336960283029916;0.0569314777831337;-0.00311482702254043;0.0922403171824698;5.08490302308928E-05;0.000304095970932394;0.00162160175386816
00:02:42;62807.1703568194;28.6044311523438;-81.3086166381836;0.0841039791703224;0.000347415322626195;90.3825073242188;2.91740138891328E-06;-219.661984450647;514.553844654737;0.000461005693068728;4.58743528497507E-07;0.0117747690528631;-0.00718702469021082;0.0139596061781049;-0.00240846606902778;1.80454629430586;239.24919128418;0.000224302587018232;15.4047403484583;0;-8.07145038508848;-4.60511466059773;-2.51014501413936;0.0153934946283698;336.234300639546;-8.06056089322918;-4.61019541726088;-2.54948060930147;1.8074452817857;0.000233934333266524;0.853165724206704;0.0351727819676345;0.0569314777831337;-0.00296991958152723;0.0904126189377115;7.79868569225073E-05;0.000327196379657835;0.00167498062364757
00:02:43;62568.7917995155;28.604398727417;-81.3141479492188;0.0841039791703224;0.00036329035273443;90.3827819824219;-2.91740070679225E-06;-229.856423647988;514.513126170235;0.000453400774858892;3.87049539085638E-07;0.0116010596975684;-0.00708186021074653;0.0137534253299236;-0.00237146322615445;1.81499347881145;239.935638427734;0.00023126000355616;15.9281343221664;0;-8.07200187277489;-4.60502446229615;-2.50789873449085;0.0159160047769547;336.1904118926;-8.06140685804247;-4.61053227980477;-2.54889197745507;1.81768736505528;0.000237228498658451;0.845679319164785;0.0367787866001588;0.0569314777831337;-0.00278207770642858;0.0881237757459718;0.000107383457361721;0.000352099566953257;0.00173206662293524
00:02:44;62319.6079418799;28.6043663024902;-81.3196792602539;0.0841039791703224;0.00038054540044605;90.3830261230469;0;-240.050664665761;514.470964156673;0.000451500265626237;5.27858560417371E-07;0.0114231025800109;-0.00696752220392227;0.0135449850931764;-0.00233916798606515;1.82577666974877;240.656173706055;0.000238741102876543;16.4927784353495;0;-8.07254623917725;-4.60492332518965;-2.50560123089059;0.0164797138422728;336.148611469856;-8.06227992360193;-4.61088466689179;-2.54831182144956;1.82825888055131;0.000241802406067375;0.837391611782354;0.0385244152416805;0.0569314777831337;-0.00253973334797971;0.0853623284336023;0.000138316274387762;0.000378253113012761;0.00179191620554775
00:02:45;62059.6190134306;28.6043338775635;-81.3252105712891;0.0841039791703224;0.000399292641943629;90.3832397460938;9.72466295934282E-07;-250.244675475794;514.427311327996;0.000441198440967128;4.90124818952609E-07;0.0112475091591477;-0.006864327006042;0.0133347939699888;-0.0023018610663712;1.83688029090617;241.411163330078;0.000246779287139536;17.1015579253435;0;-8.07307609471445;-4.60480438908364;-2.50325417855725;0.0170874912291765;336.108962638652;-8.06318010101105;-4.61125258354247;-2.5477401371196;1.83914422369107;0.000256045304466533;0.828863787675278;0.0404210068358913;0.0569314777831337;-0.00235117631245273;0.0821160707897234;0.000171908643096685;0.000406451639719307;0.00185565650463104
00:02:46;61788.8252768638;28.6043014526367;-81.3307418823242;0.0841039791703224;0.000419654626044462;90.3834228515625;-1.94493190974754E-06;-260.43842116519;514.382117464204;0.000433103152317926;5.38170127128978E-07;0.011067021638155;-0.00675549358129501;0.0131199322640896;-0.00226576789282262;1.84828891176731;242.200912475586;0.000255410120719109;17.7575685083866;0;-8.07359168356636;-4.60467057461654;-2.50085133746544;0.0177424307912588;336.071535395196;-8.0641074016793;-4.61163603496202;-2.54717692047881;1.85032805504292;0.000258766087935486;0.8189072849074;0.0424809971846559;0.0569314777831337;-0.00217052918963458;0.0784455208579648;0.000206787342904136;0.000435577763710171;0.00192094885278493
00:02:47;61507.2270318996;28.60426902771;-81.3362731933594;0.0841039791703224;0.000441765916108821;90.3836364746094;-9.72465500126418E-07;-270.631862809488;514.335333906869;0.000426622835220769;4.11281206424974E-07;0.0108935562893748;-0.00664897449314594;0.012915019877255;-0.00222798273898661;1.85998682350911;243.025787353516;0.000264672264028496;18.4641964733601;0;-8.07409170273712;-4.6045178893806;-2.49839553674159;0.0184479188174009;336.036406971842;-8.06506183731009;-4.61203502653886;-2.54662216771819;1.86179431351001;0.000251344148789277;0.80751153558783;0.0447179242856155;0.0569314777831337;-0.00197873089922215;0.0744550526534745;0.000242879963479936;0.000465560791781172;0.00198762374930084
00:02:48;61214.824618334;28.6042366027832;-81.3418045043945;0.0841039791703224;0.000465772872173125;90.3837356567383;3.88986154575832E-06;-280.824957586273;514.286908183533;0.000421049568103626;5.49744697764254E-07;0.0107137868180871;-0.00653794314712286;0.0127020888030529;-0.00219452590681612;1.87195848825395;243.886108398438;0.000274607015911802;19.2250870168209;0;-8.07456998981792;-4.604345043261;-2.49588119366069;0.0192075781524181;336.003662306754;-8.06604341989124;-4.61244956384572;-2.5460758752011;1.87352752089183;0.000258472027007993;0.795841548738328;0.0471466813561601;0.0569314777831337;-0.0018630568680991;0.0702400355017958;0.000281711138086393;0.000497601984534413;0.00205819611437619
00:02:49;60911.6184193008;28.6042041778564;-81.3473358154297;0.0841039791703224;0.00049183597136602;90.3838500976563;9.72465159065905E-07;-291.017661197464;514.236788463371;0.000412966503063217;4.90142610942712E-07;0.0105413673445582;-0.006434116512537;0.0124971177428961;-0.00215778080746531;1.88418833852545;244.782211303711;0.000285258642331305;20.0441796332598;0;-8.07502673750454;-4.60414972233681;-2.49330849662421;0.0200253576040268;335.973394443911;-8.06705216169075;-4.6128796526255;-2.54553803946638;1.88551195480268;0.000269939569048419;0.783887986034594;0.0497834147745783;0.0569314777831337;-0.00175245899655807;0.0659699036027594;0.000323698128340766;0.000531958590727299;0.00213268585503101
00:02:50;60597.608864909;28.6041717529297;-81.3528671264648;0.0841039791703224;0.000520129518635545;90.3838577270508;4.8623232942191E-06;-301.209927585637;514.184917450304;0.000408836407586932;4.57631813333137E-07;0.0103612579405308;-0.00632072426378727;0.0122854607179761;-0.0021214378066361;1.89666081200654;245.714447021484;0.000296674168430949;20.9257025271654;0;-8.07546395530397;-4.60393296484327;-2.4906723118635;0.0209054853767157;335.945705033282;-8.06808807524318;-4.6133252987938;-2.54500865722715;1.89773212494117;0.000272285222727366;0.770509330017787;0.0526458048011311;0.0569314777831337;-0.001683083634544;0.0618109761521651;0.000367055181413889;0.000567209732253104;0.00220834277570248
00:02:51;60272.7964334656;28.6041393280029;-81.3583908081055;0.0841039791703224;0.000550842969971785;90.3839111328125;-2.91739320346096E-06;-311.401709865806;514.131237204224;0.00040034792618826;3.96896012944126E-07;0.0101894978433847;-0.00621773255988956;0.0120810614898801;-0.00208463566377759;1.90936067818023;246.68310546875;0.000308904209581955;21.8742340803146;0;-8.07588132877211;-4.603695047568;-2.48797114493705;0.021852508187294;335.920704598072;-8.06915117334855;-4.61378650843127;-2.54448772537544;1.91017231343553;0.000264135475620693;0.755750424109372;0.0557530404843814;0.0569314777831337;-0.00161048098313538;0.0579336877520759;0.000411635148338974;0.000603248772677034;0.00228496664203703
00:02:52;59937.1816567378;28.6041069030762;-81.3639221191406;0.0841039791703224;0.000584183021687046;90.3838806152344;1.94492872651608E-06;-321.592954744376;514.075688016484;0.000392595422454178;4.28661991236368E-07;0.0100198537111282;-0.00611560372635722;0.011879088357091;-0.00205024611204863;1.92227295359235;247.688446044922;0.000322002139950495;22.8946562856436;0;-8.07627143957577;-4.60343074761199;-2.48520271952175;0.0228713154792786;335.898512890723;-8.07024146905277;-4.61426328778684;-2.54397524097992;1.92281800151301;0.000265458137686462;0.740756226076069;0.0591260152859576;0.0569314777831337;-0.00163617819418838;0.0544119864950945;0.000459840230178088;0.000641785969492048;0.00236519635654986
00:02:53;59590.7651230916;28.6040744781494;-81.3694534301758;0.0841039791703224;0.000620375840416097;90.3839721679688;-2.91739138447156E-06;-331.783612101;514.018204059092;0.000386773666832596;4.5819299998584E-07;0.00984706543385983;-0.00600921176373959;0.0116745876148343;-0.00201598438434303;1.9353971126054;248.72705078125;0.00033602614667392;23.991959169507;0;-8.07664048593903;-4.60314428482029;-2.48236155778581;0.0239668972790241;335.87925937757;-8.07135897565063;-4.61475564325423;-2.54347120128476;1.93566776264096;0.000274011479778453;0.725525492093211;0.0627875457886855;0.0569314777831337;-0.00155341009186118;0.0513093150478701;0.0005110107595101;0.000682490179315209;0.00244930968619883
00:02:54;59233.5474797525;28.6040420532227;-81.3749847412109;0.0841039791703224;0.000659693830060105;90.3841857910156;-2.91739070235053E-06;-341.973621694465;513.958720023026;0.000376719544874504;3.70351102674249E-07;0.00967737473547459;-0.00590919749811292;0.0114718852564693;-0.0019782988820225;1.94873463005733;249.795074462891;0.000351052538070301;25.1724570989609;0;-8.07697427973703;-4.60282937875781;-2.47944625127071;0.025145510211587;335.863083361383;-8.07250370666818;-4.61526358138536;-2.54297560371664;1.94872371937011;0.000264269401461022;0.707987320099446;0.0667651918406302;0.0569314777831337;-0.0014211589698619;0.0485522220978353;0.000562231405638158;0.000722728145774454;0.00253052753396332
00:02:55;58865.5294466838;28.6040096282959;-81.3805084228516;0.0841039791703224;0.000702447586958176;90.3843994140625;-9.72463226389664E-07;-352.162918389458;513.897167342987;0.000375294650439173;4.79829679989052E-07;0.00950059480965137;-0.00579555705189705;0.011264787055552;-0.00194678350817412;1.96228404561326;250.889511108398;0.000367168671562114;26.4434274286032;0;-8.07727795185869;-4.6024883979806;-2.47644862930794;0.026414455845952;335.850134312989;-8.07367567583252;-4.61578710886624;-2.54248844586808;1.9619837881433;0.00028186424006979;0.691781602486401;0.0710903126170862;0.0569314777831337;-0.00124031674651723;0.04591188284374;0.000619416765403003;0.000767485937103629;0.00262037827633321
00:02:56;58486.7118114606;28.6039772033691;-81.3860397338867;0.0841039791703224;0.000748980947943662;90.3846969604492;-4.86231465401943E-06;-362.35142818078;513.833476330377;0.000364531646482646;4.87527984205371E-07;0.00932999793440104;-0.0056961658410728;0.0110601112246513;-0.00191037845797837;1.97604608464313;252.006881713867;0.000384470559098407;27.8128255158663;0;-8.07753656056173;-4.60211056485454;-2.47337251992929;0.0277816280722618;335.840572533;-8.0748748970831;-4.61632623251909;-2.542009725517;1.97544901374066;0.000279122355575031;0.673385029876206;0.0757977714864457;0.0569314777831337;-0.00101749297638667;0.0432549884778147;0.000676084076985717;0.000811435573268682;0.00270711397752166
00:02:58;58097.0954475831;28.6039447784424;-81.3915634155273;0.0841039791703224;0.000799675934538734;90.385009765625;-2.91738888336113E-06;-372.53906142607;513.767578548746;0.000358427758328617;4.58540995396106E-07;0.00915451906621456;-0.00558809842914343;0.0108526181429625;-0.00187444477342069;1.99002412148372;253.143127441406;0.000403062424168142;29.2892381548882;0;-8.07773633153375;-4.60168915745514;-2.4702113846187;0.0292556323111057;335.834570357326;-8.07610138452627;-4.61688095927752;-2.54153944060899;1.98912261440644;0.000287170546228726;0.654838609490616;0.0809260681545433;0.0569314777831337;-0.000789096071646141;0.0404047777917397;0.000737017777282745;0.000858113402500749;0.0027969223447144
00:02:59;57696.6813312173;28.6039123535156;-81.3970947265625;0.0841039791703224;0.000854955123069049;90.3853149414063;0;-382.72571955318;513.699403968088;0.000351293740095571;3.67126176570309E-07;0.0089816153049469;-0.00548253348097205;0.010647926479578;-0.00183733075391501;2.00422402108735;254.293655395508;0.000423058210689869;30.8819897472858;0;-8.07788139089182;-4.60122657587936;-2.4669596650926;0.0308457687497139;335.832314534064;-8.07735515239248;-4.61745129616689;-2.54107758923948;2.0030101338841;0.000301125582960257;0.636143317432819;0.0865180970993728;0.0569314777831337;-0.000550274519827051;0.0372557463657835;0.000801078858785331;0.000906968198250979;0.00289030279964209
00:03:00;57285.4705390157;28.6038799285889;-81.4026184082031;0.0841039791703224;0.000915287949109567;90.3855285644531;0;-392.911290143256;513.628868501225;0.000344782689353451;4.20416085944453E-07;0.00881156139075756;-0.0053788935765624;0.010446036234498;-0.0018037665868178;2.01865470012273;255.453201293945;0.000444582249877053;32.6011627912521;0;-8.07795553894914;-4.60070442327886;-2.46359535221672;0.032562118023634;335.83400741388;-8.07863621503487;-4.61803725030766;-2.54062416967776;2.0171204637697;0.000297228818512388;0.616429532712503;0.0926211430390496;0.0569314777831337;-0.000400936929688272;0.0338372193525229;0.000865604029968381;0.000956067349761724;0.00298366718925536
00:03:01;56863.4642771864;28.6038475036621;-81.4081497192383;0.0841039791703224;0.000981192955048449;90.3856506347656;9.72461634773936E-07;-403.095633869018;513.555864253415;0.00034009077353403;4.47558107907753E-07;0.00864941440522671;-0.00527826463803649;0.01025449950248;-0.00177209451794624;2.03332780716358;256.615905761719;0.000467769700320503;34.4576202332973;0;-8.0779450994592;-4.60011499885916;-2.4600950354052;0.0344155132770538;335.839866339668;-8.07994458684845;-4.61863882887192;-2.54017918037253;2.03146512647695;0.000300554856363167;0.597307437875532;0.0992877817442921;0.0569314777831337;-0.000288987788399178;0.0304073499418275;0.000935358344577253;0.00100893946364522;0.00308332219719887
00:03:02;56430.6639069142;28.6038150787354;-81.4136734008789;0.0841039791703224;0.00105324563863046;90.3857040405273;-3.88984608434839E-06;-413.278600408313;513.480264186901;0.000332859519403428;4.01198462895991E-07;0.00849299971014261;-0.00518379686400294;0.0100687053054571;-0.00173877144698054;2.04825838272506;257.775177001953;0.000492768382477209;36.4630967378616;0;-8.07785531674437;-4.59945579613714;-2.45643629513211;0.0364176630973816;335.850123607752;-8.08128028219574;-4.61925603904984;-2.53974261996005;2.04605867553754;0.000305940669672937;0.578801171371844;0.106576208379287;0.0569314777831337;-0.000253341201416641;0.0272603365477952;0.00101013120729476;0.00106563104782254;0.00319022848270833
00:03:03;55987.0709480075;28.6037826538086;-81.4191970825195;0.0841039791703224;0.0011320836874173;90.3858032226563;2.91738319901924E-06;-423.460034916364;513.401920382974;0.000326682056766003;4.37686651366676E-07;0.00834118295460939;-0.00509165180847049;0.00988832209259272;-0.00170838600024581;2.06346486152154;258.923706054688;0.000519738887638058;38.6301726102829;0;-8.07768415751978;-4.59872478928089;-2.45259958127186;0.0385811366140842;335.865026989485;-8.08264331538942;-4.61988888804129;-2.53931448729348;2.06091957128086;0.00030495103526839;0.560100371911373;0.114550814797792;0.0569314777831337;-0.000221802383957764;0.0247402582860669;0.00108761165756732;0.00112433428876102;0.00330081884749234
00:03:04;55532.6870969236;28.6037502288818;-81.4247283935547;0.0841039791703224;0.00121841329955418;90.3858032226563;2.91738251689821E-06;-433.639771656676;513.320665853788;0.000320470513543114;4.68861912850116E-07;0.00819345191121101;-0.00500219501554966;0.0097127128392458;-0.00167860253714025;2.07896963154751;260.053344726563;0.000548856522983185;40.9723520278931;0;-8.07742640082002;-4.59791355875457;-2.44856717923566;0.0409194119274616;335.884840990402;-8.0840337006357;-4.62053738303879;-2.53889478144827;2.0760696034975;0.00029704873451038;0.541275184695035;0.123283174378421;0.0569314777831337;-0.000262045612379216;0.0229517307417495;0.00116804451681674;0.00118521566037089;0.0034152246080339
00:03:05;55067.5142420903;28.6037158966064;-81.4302520751953;0.0841039791703224;0.00131301855982808;90.3860168457031;2.91738160740351E-06;-443.817625354694;513.236314738346;0.000311573006911203;4.44445390712644E-07;0.00803925562649965;-0.00491112237796187;0.00952850840985775;-0.00164507154840976;2.09479857394427;261.155242919922;0.000580312708098096;43.5041263699532;0;-8.0770687926696;-4.59701859129375;-2.44431375492558;0.0434469692409039;335.909847784447;-8.085451451995;-4.62120153119046;-2.53848350174001;2.09153422436255;0.000297693245246972;0.523212391653881;0.132852476816642;0.0569314777831337;-0.000224428946876831;0.0217790642116279;0.00125496066175401;0.00125090556684881;0.00353846186771989
00:03:06;54591.5544931507;28.6036834716797;-81.4357757568359;0.0841039791703224;0.00141671553414467;90.3861999511719;-9.72460156845045E-07;-453.99337409344;513.148675562323;0.000309485563775525;3.94793829627815E-07;0.00788507703691721;-0.00481240823864937;0.00934806745499372;-0.00161505106370896;2.11098251951899;262.219512939453;0.000614302829577229;46.2399274110794;0;-8.07657021978509;-4.59601360722814;-2.43983426202572;0.0461782738566399;335.940346722402;-8.08689658329523;-4.62188133956921;-2.53808064772204;2.10732619994828;0.000308273373461191;0.505562843339915;0.143341546235275;0.0569314777831337;-0.000125701728640055;0.0207906560627379;0.00134868116583675;0.00132120738271624;0.00366839370690286
00:03:07;54104.8102274872;28.6036510467529;-81.4412994384766;0.0841039791703224;0.00153017191017365;90.3865356445313;-9.72459815784532E-07;-464.166753379351;513.057558369617;0.000300169311231002;4.35809198506831E-07;0.00772523088380694;-0.00471850717440248;0.00915665458887815;-0.00158140668645501;2.12755617924105;263.235534667969;0.00065108304227938;49.1983480751514;0;-8.07591748453333;-4.59489375022184;-2.43510750789018;0.0491316728293896;335.976654805143;-8.088369108024;-4.62257681509182;-2.53768621914387;2.12323773098208;0.00031619880743052;0.488853407671317;0.154817888058751;0.0569314777831337;1.7245747914681E-05;0.0193166091020509;0.00144902581814677;0.00139685277827084;0.0038098047953099
00:03:08;53607.2841182174;28.6036186218262;-81.4468231201172;0.0841039791703224;0.00165459315979816;90.3868408203125;0;-474.337436633313;512.962781703392;0.000294008321361616;3.81301333618467E-07;0.00756250787526369;-0.00461861677467823;0.0089641697704792;-0.00154738780111074;2.14456002402883;264.191528320313;0.00069100033183108;52.4042807519436;0;-8.07501916786133;-4.59360773682534;-2.43014303366159;0.0523320585489273;336.01911140285;-8.08986903924351;-4.6232879644893;-2.5373002159544;2.13929654212448;0.000333420093627578;0.471510150101276;0.167402557672532;0.0569314777831337;0.000203613563413247;0.0169649078182051;0.00155363383237273;0.00147447956260294;0.0039504012092948
00:03:09;53098.9792192383;28.6035861968994;-81.4523468017578;0.0841039791703224;0.00179151543508126;90.3870849609375;-9.72459361037181E-07;-484.505043674528;512.864145710835;0.000292184791760519;4.40153172576174E-07;0.00741336354985833;-0.00452372431755066;0.00878894422203302;-0.00152057327795774;2.16203912386474;265.074890136719;0.000734439582479781;55.884875357151;0;-8.07388817955581;-4.59214917606056;-2.42488211931203;0.055806502699852;336.068076639189;-8.09139638938384;-4.62401479418159;-2.53692263821408;2.15564459693451;0.000341196123570338;0.455899432574388;0.181250736463703;0.0569314777831337;0.000378455126913397;0.0136037917846403;0.00166940002236515;0.0015614457661286;0.00411170395091176
00:03:10;52579.8989587082;28.6035537719727;-81.4578704833984;0.0841039791703224;0.0019427227578004;90.3871154785156;9.72459133663506E-07;-494.669177342113;512.761383617896;0.000282603548839688;4.93155312142335E-07;0.00727953435853124;-0.0044471500441432;0.00862769223749638;-0.00149146269541234;2.1800450173294;265.871795654297;0.000781826209402516;59.6694611012936;0;-8.07252147513038;-4.59049980865426;-2.41926429023385;0.059584267437458;336.123933214815;-8.0929511702139;-4.62475731029419;-2.53655348622863;2.1724455389301;0.00034279031953549;0.440440715312361;0.19654270384257;0.0569314777831337;0.000403407683085756;0.0104163803846124;0.00179128162562847;0.00165327324066311;0.00428324099630117
00:03:11;52050.0471879719;28.6035213470459;-81.4633865356445;0.0841039791703224;0.00211029574590338;90.38720703125;-1.94491713045863E-06;-504.829433162037;512.654136405056;0.000278027582680807;4.85620034851308E-07;0.00716363731771708;-0.00437643425539136;0.00849029421806335;-0.0014676476130262;2.19863506883375;266.567443847656;0.000833630502675163;63.7896656990051;0;-8.07094456825749;-4.58866577867151;-2.4131925632666;0.0636970177292824;336.187091031134;-8.09453339269888;-4.62551551858032;-2.53619276058152;2.18988545105133;0.000347977577020516;0.425931570631219;0.213488534860772;0.0569314777831337;0.000392283873335464;0.00876957772988002;0.0019259552937001;0.00175483629573137;0.00447339052334428
00:03:12;51509.4282203726;28.6034889221191;-81.4689102172852;0.0841039791703224;0.00229645999731561;90.3873291015625;9.72458451542479E-07;-514.985393426834;512.54194055129;0.000274298276053742;4.16629518440459E-07;0.00704340822994709;-0.00430152239277959;0.00834868755191565;-0.00144254416227341;2.21787389806557;267.145812988281;0.000890374765814296;68.2795792818069;0;-8.06916593447512;-4.58663495485685;-2.40657529784799;0.068178690969944;336.257986030764;-8.09614306686062;-4.62628942437375;-2.53584046221681;2.20807794197703;0.00034924730449689;0.411615423053788;0.232314225178823;0.0569314777831337;0.000340047063683201;0.00900227107192184;0.00207003997638822;0.00186360999941826;0.00467753410339355
00:03:13;50958.0468837591;28.6034545898438;-81.4744262695313;0.0841039791703224;0.00250345287396046;90.3876342773438;1.94491622096393E-06;-525.136562836266;512.424286049039;0.000267033639829606;3.63461168717549E-07;0.00690555712208152;-0.00421898998320103;0.00818467885255814;-0.00141224940307438;2.23783394497801;267.589660644531;0.000952640189412747;73.1758624315262;0;-8.06710242098397;-4.58437013825909;-2.39936477978133;0.0730659365653992;336.337081813299;-8.09778020161747;-4.6270790324992;-2.53549659250654;2.2270066747268;0.000349977596026395;0.397974003317581;0.253245560143774;0.0569314777831337;0.000380742009442291;0.00997254648108729;0.00222774827852845;0.00198282464407384;0.00490188784897327
00:03:14;50395.9086516565;28.603422164917;-81.4799499511719;0.0841039791703224;0.00273398410824734;90.3879089355469;1.94491553884291E-06;-535.282230137032;512.300650393894;0.000260524568147957;3.31085118432384E-07;0.00675346003845334;-0.00412652269005775;0.00800428539514542;-0.00138027931097895;2.25859619718851;267.880462646484;0.00102107362917008;78.5177275538445;0;-8.06455518380728;-4.58174466025243;-2.39148813416393;0.0783979445695877;336.424872642691;-8.09944480443226;-4.62788434708529;-2.53516115320499;2.24675098542376;0.00034736354531989;0.385096880261298;0.276556250190231;0.0569314777831337;0.000474713676163272;0.00974748624176471;0.00240062479861081;0.00211402401328087;0.00515083223581314
00:03:16;49823.019819716;28.6033897399902;-81.485466003418;0.0841039791703224;0.00299112217117052;90.3881225585938;9.72457542047778E-07;-545.421546394793;512.170618735664;0.000258495099842548;3.6820244986302E-07;0.00659921951591969;-0.00402853358536959;0.0078230332583189;-0.0013522655935958;2.28025136433812;267.998443603516;0.00109639427982493;84.3468084931373;0;-8.0614314968559;-4.57872926939058;-2.3830729430584;0.0842162594199181;336.521883181698;-8.10113688085939;-4.62870537130952;-2.53483414632702;2.26740128444927;0.000354665958679713;0.373145361273609;0.302557008030831;0.0569314777831337;0.000594028334791311;0.00749987456531529;0.00259482674300671;0.00226095621474087;0.00542834866791964
00:03:17;49239.3875496108;28.6033573150635;-81.4909820556641;0.0841039791703224;0.00327842733650504;90.3882751464844;-2.91737160296179E-06;-555.55362571547;512.033799934235;0.000248682510573417;3.79652732362956E-07;0.00647777086123824;-0.00395983038470149;0.00767652643844485;-0.00132410286460072;2.3028993473303;267.922943115234;0.00117943621607359;90.7097533345222;0;-8.05772930929255;-4.57530224174545;-2.37405312816169;0.0905672088265419;336.628667959304;-8.10285643446382;-4.62954210733823;-2.53451557400037;2.28905683347907;0.000349448523451152;0.360093357593893;0.331606313035821;0.0569314777831337;0.000636971783912798;0.00452399272685424;0.00279325735755265;0.00241074641235173;0.0057097221724689
00:03:18;48645.0199074671;28.6033248901367;-81.4964981079102;0.0841039791703224;0.00360067726736328;90.388427734375;0;-565.677616779044;511.889590700579;0.000245498900767416;3.35761455971806E-07;0.0063862525857985;-0.00390320247970521;0.00756852328777313;-0.00130493799224496;2.32658302508421;267.647857666016;0.00127138836130748;97.6813435554504;0;-8.05356556123987;-4.57149889461741;-2.36420455967813;0.0975250601768494;336.745815800996;-8.10460346668043;-4.63039455627093;-2.5342054385625;2.3117628009582;0.000353633469256722;0.34834586495459;0.36418646795549;0.0569314777831337;0.000657360059086027;0.00328140459778495;0.00302118016406894;0.00258237705565989;0.00603061402216554
00:03:19;48039.925880122;28.60329246521;-81.5020141601563;0.0841039791703224;0.00396335843255732;90.388671875;-9.72456746239914E-07;-575.792699843247;511.737123876674;0.00024160927569028;3.22099822369637E-07;0.00628311885520816;-0.00384000805206597;0.00744640361517668;-0.00128375564236194;2.35130163918566;267.177947998047;0.00137358041967176;105.347521603107;0;-8.04899508625148;-4.56731882622039;-2.35331865965691;0.105175599455833;336.873961040482;-8.10637797668241;-4.63126271811465;-2.53390374282706;2.3355193150626;0.000357729334468327;0.336686309720248;0.400852271487261;0.0569314777831337;0.000635826140992022;0.00443971467891712;0.00326966866850853;0.0027690373826772;0.00637800060212612
00:03:20;47424.1154805552;28.6032600402832;-81.5075302124023;0.0841039791703224;0.00437266734356254;90.3888854980469;-1.94491235561145E-06;-585.897853477803;511.575492507653;0.000236331106862053;3.52046072293888E-07;0.00614300696179271;-0.00375458365306258;0.00728012900799513;-0.00125582073815167;2.3770493670324;266.519561767578;0.00148746722188517;113.801009953022;0;-8.04376951181447;-4.56262706318443;-2.34137434777727;0.113611489534378;337.013790473483;-8.10817996104765;-4.63214659162391;-2.53361049021553;2.36032267647004;0.000358672689380766;0.324741914477452;0.442230074556128;0.0569314777831337;0.00063171250906985;0.00548129685341556;0.00353589747101069;0.00296856695786119;0.00674771424382925
00:03:21;46797.6000200193;28.6032257080078;-81.5130386352539;0.0841039791703224;0.00483557715710728;90.3890914916992;-4.86227918372606E-06;-595.99163715245;511.403981641128;0.000232597594731487;4.45425257566967E-07;0.00599362980574369;-0.00366214150562882;0.00710325967520475;-0.00122849352192134;2.40381493160312;265.680572509766;0.00161464043732661;123.141728341579;0;-8.03747894913047;-4.55721763133757;-2.32845749648031;0.122932359576225;337.166047622336;-8.11000941307582;-4.63304617390693;-2.53332568451171;2.38616425738131;0.000356833281940867;0.312550359979614;0.489024945705485;0.0569314777831337;0.000690316117871199;0.00393444117842568;0.00382105051539838;0.00318179605528712;0.00714110443368554
00:03:22;46160.392425511;28.6031932830811;-81.5185546875;0.0841039791703224;0.00535992172525016;90.3893737792969;-9.72455723058374E-07;-606.072326032076;511.221904251446;0.000226948977797292;2.89761601379723E-07;0.00589218316599727;-0.00360055966302752;0.00698337191715837;-0.00120391347445548;2.43157999099626;264.670562744141;0.00175683505482145;133.476942777634;0;-8.03002164199273;-4.55102291389338;-2.31442404495083;0.133245393633842;337.331536212905;-8.11186632200313;-4.63396145996362;-2.53304932953927;2.41302825826421;0.000360096487822772;0.30127709060314;0.542028761801176;0.0569314777831337;0.000820334994861357;0.0012547377254552;0.00414505926892161;0.00342350662685931;0.00758497277274728
00:03:23;45512.5073792683;28.6031608581543;-81.5240631103516;0.0841039791703224;0.00595446487380014;90.3894653320313;2.91736660074093E-06;-616.138299348385;511.028107156139;0.000226310614380054;2.93401257067671E-07;0.00582517217844725;-0.00355768925510347;0.00690478133037686;-0.0011918181553483;2.46031822114923;263.500823974609;0.0019159351673224;144.921362400055;0;-8.02172255758775;-4.54410989153071;-2.29879830371604;0.144665211439133;337.511122344483;-8.11375067255043;-4.63489244249118;-2.53278142932694;2.44089221335269;0.000361254651382346;0.289817540079075;0.602127771431343;0.0569314777831337;0.000765583789508378;0.00108908041670706;0.00449362117797136;0.00368286320008338;0.00805900152772665
00:03:24;44853.9613088034;28.6031284332275;-81.5295715332031;0.0841039791703224;0.00662896615988769;90.3897018432617;-3.88982061849674E-06;-626.187995154826;510.820980223964;0.0002215952554252;3.90874362210525E-07;0.00571310659870505;-0.00349058117717505;0.00677099078893662;-0.00117032672278583;2.48999366163993;262.184478759766;0.00209397753612489;157.597243785858;0;-8.01258435542587;-4.53645811862716;-2.28128643729595;0.157313942909241;337.705734709242;-8.11566244476574;-4.6358391118906;-2.53252198868364;2.4697248924686;0.000362312309014748;0.278585482349017;0.67030908936439;0.0569314777831337;0.000714258048672741;0.00292011994017868;0.0048755700699985;0.00396632729098201;0.00857448857277632
00:03:25;44184.7726469086;28.6030960083008;-81.5350799560547;0.0841039791703224;0.00739446698563686;90.3901290893555;-5.83472910875571E-06;-636.21925873373;510.599198746295;0.000214737330679782;3.85030915595053E-07;0.00556075433269143;-0.00339850340969861;0.00658996775746346;-0.00113845698069781;2.52055903295628;260.736572265625;0.00229323427899895;171.64058983326;0;-8.00181833048686;-4.52772507625391;-2.26216533986642;0.171326503157616;337.916363226228;-8.11760161331063;-4.63680145587405;-2.53227101316923;2.49948449996425;0.000360640755653111;0.267260239709855;0.747686381987328;0.0569314777831337;0.000842700956645904;0.0021792884987074;0.00528603652492166;0.00427014660090208;0.00912401080131531
00:03:26;43504.9624229409;28.6030616760254;-81.5405807495117;0.0841039791703224;0.00826654306666687;90.3902282714844;0;-646.229214519558;510.36178422153;0.000211321792448871;3.48770242908358E-07;0.00547117367386818;-0.00334341521374881;0.00648406473919749;-0.00111964740790427;2.55195407358316;259.174072265625;0.00251717031421883;187.272399663925;0;-7.98901569315767;-4.51762169979978;-2.24135733454844;0.186922296881676;338.144063134401;-8.11956814605377;-4.63777945860588;-2.53202850830587;2.53011754393603;0.000363759473170361;0.256885793942513;0.835829004799236;0.0569314777831337;0.000867902808055088;-0.000367160343571011;0.00575474975630641;0.004616170655936;0.00974670890718699
00:03:27;42814.5546083953;28.6030292510986;-81.5460815429688;0.0841039791703224;0.00926358805642656;90.3904037475586;-3.88981698051794E-06;-656.215146138265;510.106819612574;0.000209443955100141;3.29754897165913E-07;0.00541330967098475;-0.00330754835158587;0.00641576526686549;-0.00110783742275089;2.58410276114266;257.516052246094;0.00276979774906661;204.749092459679;0;-7.97484599959131;-4.50634026648658;-2.21780351365643;0.204357400536537;338.389976720251;-8.12156200304274;-4.63877310022526;-2.53179447970276;2.56155519579824;0.000364796791438426;0.246401013524849;0.936597275674786;0.0569314777831337;0.000796890664434526;0.000410123829065946;0.00626241136342287;0.00499004032462835;0.01041654124856
00:03:28;42113.5761624938;28.6029968261719;-81.5515823364258;0.0841039791703224;0.0104062173527541;90.3907470703125;2.9173613711464E-06;-666.174246148066;509.831648327729;0.000199497662833892;4.23819869865838E-07;0.00527487369254231;-0.00322851468808949;0.00624891929328442;-0.00107743637636304;2.61691169857352;255.783645629883;0.00305545912588559;224.346280097961;0;-7.95890569750748;-4.49367524357228;-2.1911902503627;0.223906993865967;338.655350372825;-8.12358313602542;-4.63978235676019;-2.53156893416147;2.5937129053406;0.000363506007187326;0.235835985177007;1.05207515884047;0.0569314777831337;0.000832925081642612;0.00168723358728262;0.00681233033537865;0.00539405457675457;0.0111369751393795
00:03:29;41402.0577775575;28.6029644012451;-81.5570831298828;0.0841039791703224;0.0117169670740174;90.3911056518555;-3.88981425203383E-06;-676.102052309179;509.534370193962;0.000198328503756784;3.27490027984823E-07;0.00516344094648957;-0.00315643497742713;0.0061189029365778;-0.00105573853943497;2.65022029587562;254.009002685547;0.00337869162839141;246.358349919319;0;-7.93931893283811;-4.47863392330791;-2.16157697024352;0.245865345001221;338.941540528083;-8.12563148656229;-4.64080719900294;-2.53135187910502;2.62644452126996;0.000361852237185379;0.228128502957522;1.1845429947021;0.0569314777831337;0.000977677234050054;-0.000669792825149153;0.00750422291457653;0.00590592576190829;0.0120619405061007
00:03:30;40680.0410833228;28.6029319763184;-81.5625762939453;0.0841039791703224;0.0132203175928066;90.3911361694336;-3.88981288779178E-06;-685.979087291499;509.20151447318;0.000197284025489353;3.53480174908327E-07;0.0051250527612865;-0.0031328194309026;0.00607337662950158;-0.00104868435300887;2.68382002718297;252.219589233398;0.0037443857172519;271.09968662262;0;-7.90447772553433;-4.45157171592935;-2.10804362215947;0.270546048879623;339.25001095198;-8.12770696565866;-4.6418475821475;-2.53114332343688;2.65955902014238;0.000364122391469292;0.253264848480077;1.3364771903247;0.0569314777831337;0.000831580481947999;-0.000421681299966427;0.00950972549617291;0.00744229182600975;0.0150174656882882
00:03:31;39947.5901874313;28.602897644043;-81.5680694580078;0.0841039791703224;0.0149440520045577;90.3916091918945;5.83471819481929E-06;-695.789440272576;508.82082990549;0.000191590734175406;3.94878185261405E-07;0.0049903285689652;-0.0030514772515744;0.00591310439631343;-0.00102150847669691;2.71764009451607;250.417861938477;0.00415811422054544;298.903733491898;0;-7.86375547965375;-4.41997386633613;-2.04539828585216;0.298282384872437;339.582314439597;-8.1298094201003;-4.64290342917104;-2.53094328215424;2.69295854451701;0.000360251007520933;0.272484237464928;1.51068631092188;0.0569314777831337;0.000864815017685556;0.000818855273397646;0.0116885295137763;0.00909967720508575;0.0181599482893944
00:03:32;39204.7812298173;28.6028652191162;-81.5735549926758;0.0841039791703224;0.0169182995600699;90.3919677734375;9.72452767200593E-07;-705.522748347586;508.387485606904;0.000193117652088404;4.48804911457046E-07;0.0049074818380177;-0.00299689499661326;0.00581639120355248;-0.00100947543978691;2.75163639406307;248.605987548828;0.00462584438852294;330.120295286179;0;-7.81545652172256;-4.38340107284438;-1.97600781529703;0.329422503709793;339.940078933686;-8.13193866286275;-4.64397464572036;-2.53075177206468;2.72653457675954;0.000358281631650981;0.289888261572358;1.71021246976381;0.0569314777831337;0.00101845993340463;-0.00141303665597429;0.014225734397769;0.0110172061249614;0.0217462722212076
00:03:34;38451.7017164966;28.6028327941895;-81.5790405273438;0.0841039791703224;0.0191879624829654;90.3920516967773;-3.88980924981297E-06;-715.168011090971;507.894888763606;0.000184417120181024;2.88726056396627E-07;0.00485630519688129;-0.00297047570347786;0.00575424823909998;-0.000990826170891523;2.78575792183234;246.786254882813;0.00515707659973945;365.337431430817;0;-7.76092867575422;-4.34179155702662;-1.89683240347974;0.364548802375793;340.325008597199;-8.13409447549895;-4.6450611211012;-2.53056880976902;2.76023385692931;0.000357470294156989;0.304731936767536;1.93957033517251;0.0569314777831337;0.000842596579899466;0.000204154167737569;0.0171320997178555;0.013200506567955;0.0257782209664583
00:03:35;37688.45151575;28.6028003692627;-81.5845184326172;0.0841039791703224;0.0218083366906182;90.3926086425781;-1.94490417015913E-06;-724.712623061976;507.334837286027;0.000182392381248064;3.21998925301159E-07;0.00471324985846877;-0.00288014370016754;0.00558578502386808;-0.000965214159805328;2.81994399899279;244.961151123047;0.00576345068955621;405.274629592896;0;-7.69724107515676;-4.29395499298731;-1.80750302831124;0.404379487037659;340.738863690315;-8.13627660457517;-4.64616272683479;-2.53039441393816;2.79399741143558;0.000355824567594879;0.317243550453162;2.20435487356767;0.0569314777831337;0.00103010291715783;-0.00092699891043466;0.0204700082540512;0.0156941749155521;0.0303276311606169
00:03:36;36915.1458718544;28.6027679443359;-81.5899887084961;0.0841039791703224;0.0248409119214518;90.392692565918;-3.88980697607622E-06;-734.140462282963;506.699766739635;0.000181344992597587;3.32020562154867E-07;0.00469782715663314;-0.00287127797491848;0.00556723214685917;-0.000961824029218405;2.85412362350876;243.133270263672;0.00645759241413984;450.696974992752;0;-7.62331355470445;-4.23860447349595;-1.70625373003112;0.449678778648376;341.183525965619;-8.13848475393097;-4.64727931215006;-2.53022860316974;2.82775551009609;0.000352920134126952;0.326613738246948;2.51077992560652;0.0569314777831337;0.000876262431827967;-0.000611094167328825;0.0242287907749414;0.0184877626597881;0.0353673212230206
00:03:37;36131.917303578;28.6027336120605;-81.595458984375;0.0841039791703224;0.0283535065969511;90.3933715820313;0;-743.434858121352;505.97820472966;0.000173786742379889;9.3763858899365E-08;0.00455101300030947;-0.00278091710060835;0.005394347012043;-0.000926604145206511;2.88821397053293;241.305419921875;0.00725312872119638;502.414405345917;0;-7.53828597842441;-4.17530763410484;-1.59047846475867;0.501256167888641;341.660995222167;-8.14071857874201;-4.64841070133061;-2.53007139752157;2.86142791853666;0.000354085986845086;0.335952364556626;2.86570898941313;0.0569314777831337;0.00106001938751883;-0.000828659652684628;0.0287122875452042;0.0218038447201252;0.0412840805947781
00:03:38;35338.9185389141;28.6027011871338;-81.6009140014648;0.0841039791703224;0.0324202954843678;90.3935012817383;3.88980424759211E-06;-752.574516180062;505.16032050498;0.000172951622516848;1.11318655626746E-07;0.0045422837138176;-0.0027762302197516;0.0053836670704186;-0.000924648891668767;2.92212008147361;239.480514526367;0.00816473732051613;561.28317117691;0;-7.43911996291365;-4.10193814856002;-1.45973634857152;0.559966325759888;342.173352271197;-8.14297767761822;-4.64955668924556;-2.52992281758919;2.89492165596425;0.000353982804674418;0.342450061735613;3.27664326493566;0.0569314777831337;0.000895174060040861;-0.000704155025784518;0.0337641425430775;0.0255224984139204;0.047848854213953
00:03:39;34536.3251665765;28.602668762207;-81.6063690185547;0.0841039791703224;0.0371202540685962;90.3940963745117;-5.83470455239876E-06;-761.537466177611;504.231909497441;0.00017061950347852;8.37331768366312E-08;0.00440786732360721;-0.00269119953736663;0.00522563792765141;-0.000899381237104535;2.9557333102433;237.661697387695;0.00920775384760928;628.17770242691;0;-7.32530471059943;-4.01820093299952;-1.31072249065651;0.626684069633484;342.722711039085;-8.14526158487651;-4.65071703762745;-2.52978288485932;2.92813050270858;0.000350603832368096;0.346279801491194;3.75157885690295;0.0569314777831337;0.00105003392525871;-0.00131863484551798;0.0394237898290157;0.0296700838953257;0.0550950840115547
00:03:40;33724.3388170814;28.6026363372803;-81.6118087768555;0.0841039791703224;0.0425547493986372;90.394416809082;4.86225235363236E-06;-770.296827102305;503.180156865459;0.00016385545313824;-9.00565311212631E-08;0.00437920773401856;-0.00267708953469992;0.0051909014582634;-0.000885862682480365;2.98893056424087;235.852249145508;0.0104028359176485;704.30600643158;0;-7.1941914590139;-3.92194365269353;-1.14192259759618;0.702601313591003;343.31116302527;-8.14756976188688;-4.65189147019627;-2.52965162091517;2.96093467632262;0.000355715216994477;0.351446385576683;4.30069279898022;0.0569314777831337;0.000955293919565447;-0.000332971982591035;0.0462697632610798;0.0346650145947933;0.0637340918183327
00:03:41;32903.1907628477;28.6026039123535;-81.6172332763672;0.0841039791703224;0.0488717694967055;90.394889831543;-5.83470136916731E-06;-778.822618940669;501.987725588861;0.00016597073408775;-1.53517547119009E-07;0.00431252876296639;-0.00263130199164152;0.00511418329551816;-0.000875512196216732;3.02156785547212;234.055618286133;0.0117812929091548;791.556000709534;0;-7.04140872508842;-3.81086139769887;-0.950470676632891;0.789599061012268;343.940788545093;-8.1499015865548;-4.65307966751156;-2.52952904816054;2.99319496835646;0.000355361364748585;0.353301117052838;4.93892742936147;0.0569314777831337;0.000984497626501981;-0.00162232730092267;0.0538536198437214;0.040175948292017;0.0731738358736038
00:03:42;32073.1478677113;28.6025714874268;-81.6226501464844;0.0841039791703224;0.05623944722774;90.3955307006836;-4.8622500798956E-06;-787.078709144289;500.635120804714;0.000160682844580151;-2.44712936137148E-07;0.00419787829741836;-0.00256109703332186;0.00497867679223418;-0.000850035576149821;3.05347569329294;232.275451660156;0.0133773388565222;891.95442199707;0;-6.86596656050329;-3.68317200663894;-0.729766932809414;0.88970160484314;344.613726270614;-8.1522563370225;-4.65428125815949;-2.52941518838749;3.02487631191259;0.000352657679921874;0.352965885721499;5.68327990780208;0.0569314777831337;0.001045200182373;-0.00105937405470407;0.0623940452933311;0.0463587045669556;0.0836696848273277
00:03:43;31234.518414259;28.6025390625;-81.6280517578125;0.0841039791703224;0.0648393894793746;90.3960189819336;-4.8622482609062E-06;-795.022359548244;499.100585644134;0.00015435682144016;-1.87188163636165E-07;0.00417137751355767;-0.00255044642835855;0.00494477432221174;-0.000840692664496601;3.08445712901828;230.515579223633;0.0152274623171642;1007.62152671814;0;-6.66112564873693;-3.53495466931098;-0.478132409311588;1.00502789020538;345.332157115935;-8.15463317485983;-4.65549581019163;-2.52931006377604;3.05590386480841;0.000355383482166787;0.353389657681427;6.55213963637932;0.0569314777831337;0.000999875036194654;-0.000588686777930125;0.0725868791341782;0.053710401058197;0.0960392653942108
00:03:44;30387.6588725066;28.6025066375732;-81.6334381103516;0.0841039791703224;0.0748616541621607;90.3966064453125;0;-802.605389159324;497.358070682479;0.000158712442498654;-3.76722397277263E-07;0.00413888460025191;-0.00252330116927624;0.00490995263680816;-0.000836361374240369;3.11428707545093;228.779983520508;0.0173703009859291;1140.7618522644;0;-6.4229891177065;-3.36365547073403;-0.1910151055509;1.1377809047699;346.098226318785;-8.15703112621379;-4.65672282118327;-2.52921369584147;3.08609773201924;0.000350634661727914;0.350025850099316;7.56474195721847;0.0569314777831337;0.000995112788514266;-0.00113686985461885;0.0836083590984344;0.0616315044462681;0.109250701963902
00:03:45;29532.9806526303;28.6024742126465;-81.638801574707;0.0841039791703224;0.0865081248419571;90.397331237793;-5.83469409320969E-06;-809.772969537193;495.378941928074;0.000156254493049346;-5.6002738801908E-07;0.0040630497969687;-0.00247449683956802;0.0048217517323792;-0.000818645115941763;3.14262251026502;227.085662841797;0.0198474376848529;1293.78998279572;0;-6.14858300151333;-3.16682764276833;0.137097006589996;1.29036211967468;346.913934826684;-8.159449062901;-4.65796170824677;-2.52912610462767;3.11517129765718;0.0003555405943022;0.349446655536341;8.7414972765396;0.0569314777831337;0.00102430336367876;-0.00153513868965818;0.0971877351403236;0.0713561698794365;0.125326976180077
00:03:46;28670.957206429;28.6024417877197;-81.6441421508789;0.0841039791703224;0.100039069907262;90.3981246948242;-3.88979515264509E-06;-816.462581297773;493.131560462728;0.000152687236550264;-6.47533624942298E-07;0.00399613380432129;-0.00243355054408312;0.0047427793033421;-0.000802833586931229;3.16876928177833;225.494201660156;0.0227146868876412;1470.31962871552;0;-5.83224032198559;-2.94060218358975;0.511308438634027;1.46636140346527;347.781071424294;-8.16188568241271;-4.65921179752553;-2.52904730807448;3.14248778618192;0.000350925947331601;0.344494310984467;10.1086378468166;0.0569314777831337;0.00104251661088606;-0.00156905420160139;0.111556015908718;0.0816098526120186;0.142129480838776
00:03:47;27802.1331350617;28.602409362793;-81.6494598388672;0.0841039791703224;0.11575615352297;90.399040222168;-5.83469136472559E-06;-822.602266383922;490.57973659834;0.000148251740029082;-7.14369150500715E-07;0.00393806910142303;-0.00239932560361922;0.00467369426041842;-0.000788002333138138;3.19244484816547;224.000579833984;0.0260383438339137;1674.29554462433;0;-5.46696939461213;-2.68031237614418;0.937636332200987;1.66972434520721;348.701249277976;-8.1643394823656;-4.66047231075311;-2.52897732100318;3.16780864788918;0.00035597837813918;0.34240796902608;11.6967054874232;0.0569314777831337;0.00104202792135629;-0.00151697421760199;0.129226893186569;0.0941773280501366;0.162545874714851
00:03:48;26927.1346129132;28.6023769378662;-81.6547470092773;0.0841039791703224;0.13398862150388;90.3999938964844;-9.72448219727085E-07;-828.110111144389;487.682668656462;0.000148130435263738;-5.64728850349638E-07;0.00389370298944414;-0.00237256614491344;0.00462038861587644;-0.000782646879088134;3.213406845619;222.589263916016;0.0298936938596951;1910.08818149567;0;-5.04579233494845;-2.3812702813361;1.42252250442119;1.90480053424835;349.67584523721;-8.16680873129396;-4.66174234983384;-2.52891615385855;3.19093893826057;0.000354033459241426;0.337141504018168;13.5389413478081;0.0569314777831337;0.00105473707996341;-0.00150407027103537;0.148261278867722;0.10766875743866;0.184272989630699
00:03:49;26046.6807561973;28.6023445129395;-81.6600036621094;0.0841039791703224;0.155128127404509;90.4010620117188;-9.72447878666571E-07;-832.892579475293;484.394368544471;0.000146460151881911;-9.38134974148852E-07;0.00386391882784665;-0.00235046609304845;0.00458807218819857;-0.00077070394763723;3.23138105164537;221.243835449219;0.0343740039813883;2183.08639526367;0;-4.56063345168411;-2.03794062921579;1.97396461217377;2.17696666717529;350.706005028477;-8.1692914367935;-4.66302088004966;-2.52886381114241;3.21165340919563;0.000354564752798471;0.332255061798733;15.6749742767852;0.0569314777831337;0.00102255933924045;-0.00144025694418194;0.170287594199181;0.12322985380888;0.209120899438858
00:03:50;25161.5966000212;28.6023120880127;-81.6652221679688;0.0841039791703224;0.17957887173637;90.4023132324219;0;-836.843665915014;480.663388013094;0.000136193761136383;-1.11369399746764E-06;0.00382751529105008;-0.00233407272025943;0.00454325694590807;-0.000752386404201388;3.24605767694764;219.946990966797;0.0395820707046417;2499.11451339722;0;-4.00341230892683;-1.64478827445447;2.60008689076362;2.49202632904053;351.792579738892;-8.17178530916909;-4.6643067108613;-2.52882028959163;3.22968816661032;0.000355066321296509;0.326966829964603;18.1456916093028;0.0569314777831337;0.00100035997378946;-0.00123599086971752;0.195250704884529;0.140807941555977;0.236946642398834
00:03:52;24272.8267291421;28.6022796630859;-81.6703948974609;0.0841039791703224;0.207820048266084;90.403923034668;-3.88978878618218E-06;-839.84375319322;476.432542613132;0.000132039946038276;-1.28519081954437E-06;0.00377439660951495;-0.00230145058594644;0.00448102131485939;-0.000737097056116909;3.25708401731114;218.68083190918;0.0456472000709641;2865.46087265015;0;-3.3646264963366;-1.19553712423975;3.31021034262549;2.85724329948425;352.935411686945;-8.1742877233216;-4.66559847567149;-2.52878557590318;3.24473621028503;0.000357505934467025;0.322118544429271;20.9995228470959;0.0569314777831337;0.00107719772599725;-0.00115771956568592;0.224049150943756;0.1610207259655;0.268662452697754
00:03:53;23381.450675766;28.6022491455078;-81.6755218505859;0.0841039791703224;0.24032622921258;90.4054870605469;-1.94489393834374E-06;-841.758147434898;471.638965615036;0.000140332587761804;-1.4002052921569E-06;0.00374076352454722;-0.00227105477824807;0.00444550206884742;-0.000737772264983505;3.26405794323785;217.426971435547;0.0527120793383309;3289.97945785522;0;-2.63328938829156;-0.683382570085028;4.11209778725138;3.2804582118988;354.1337705094;-8.17679567571965;-4.6668946089976;-2.52875964396916;3.25643652623168;0.000357966941881679;0.316203218341305;24.2846024009557;0.0569314777831337;0.00107926910676168;-0.00139332795001768;0.255923569202423;0.183318838477135;0.303339660167694
00:03:54;22488.6983938543;28.6022167205811;-81.6805953979492;0.0841039791703224;0.277626452197751;90.4073486328125;-1.94489348359639E-06;-842.437645550036;466.213872124722;0.000131701090140268;-1.23889060432703E-06;0.0037249696906656;-0.00227042427286506;0.00442258641123772;-0.000729160790797323;3.26652479942737;216.166809082031;0.0609525631583572;3782.25326538086;0;-1.79941442970594;-0.100814788822816;5.01477437637686;3.77120614051819;355.386125585223;-8.17930574120741;-4.66819332354145;-2.52874245150339;3.26437145583584;0.000358490736571838;0.310076307961769;28.0543507678605;0.0569314777831337;0.00105624848443363;-0.00126037855124144;0.291694194078445;0.208260476589203;0.341777265071869
00:03:55;21595.9667415759;28.6021862030029;-81.6856079101563;0.0841039791703224;0.320242339413874;90.4095458984375;0;-841.717029834756;460.082405328042;0.000132671731989831;-1.2573771073221E-06;0.00369820208288729;-0.00225210469216108;0.00439169863238931;-0.000725394231267273;3.26396817172812;214.881805419922;0.0705684098047661;4352.90908813476;0;-0.852562790851228;0.558290211912643;6.02812333179711;4.34010744094849;356.689847893425;-8.18181402705935;-4.66949258559038;-2.5287339363798;3.26812320516708;0.000358909150272622;0.303791694683592;32.36174974431;0.0569314777831337;0.00107874560761302;-0.00139209992085792;0.331639975309372;0.236021503806114;0.384162843227386
00:03:56;20704.8359649517;28.6021556854248;-81.690544128418;0.0841039791703224;0.368731303524598;90.412109375;0;-839.415689734619;453.164932111447;0.000128162893815897;-1.42779208545107E-06;0.0036829502787441;-0.00224413815885782;0.00437375158071518;-0.000716111739166081;3.25582811488677;213.551177978516;0.0817957499606334;5014.20783996582;0;0.2187719276017;1.3018203266814;7.15966078269976;4.99935674667358;358.040441074452;-8.18431612718683;-4.67079009049213;-2.52873401192104;3.26743702772667;0.000357393117300752;0.296724263788599;37.2632100197457;0.0569314777831337;0.00108168597820457;-0.00133002467788238;0.375149726867676;0.266158699989319;0.429739058017731
00:03:57;19817.0856729019;28.6021251678467;-81.6954116821289;0.0841039791703224;0.423347779408748;90.4149780273438;0;-835.339668193174;445.378015732913;0.00012429544585757;-1.76639446181071E-06;0.00368256843648851;-0.0022430804092437;0.00437494879588485;-0.000707570696249604;3.24124823227996;212.185653686523;0.0948998529068967;5780.31063079834;0;1.42220131701989;2.13419799201366;8.41389864998829;5.76311492919922;359.43086612147;-8.1868070778;-4.67208323876448;-2.52874256193175;3.26083849285183;0.000356044947350536;0.289696060548164;42.7857807022619;0.0569314777831337;0.00107226955941476;-0.00134002160438926;0.422952473163605;0.299155205488205;0.479137808084488
00:03:58;18934.7007820746;28.6020946502686;-81.7001876831055;0.0841039791703224;0.483581645960096;90.4183578491211;-3.88978196497192E-06;-829.299354988026;436.644267110035;0.000120025259093381;-1.77581125626602E-06;0.00368218892253935;-0.00224640872329474;0.0043731527402997;-0.000703189929481596;3.21817273064029;210.954437255859;0.110074100336931;6665.6641960144;0;2.75132585126928;3.05012242153734;9.77914621114063;6.64579391479492;360.851377532885;-8.18928134138877;-4.67336912686852;-2.52875943493747;3.24541886193897;0.000356639728997426;0.283453920745051;48.8790684135168;0.0569314777831337;0.00107451008991407;-0.00136706294614209;0.475500643253326;0.335286408662796;0.532601296901703
00:03:59;18059.8557631178;28.6020641326904;-81.7048568725586;0.0841039791703224;0.548253653374878;90.4221878051758;3.88978014598251E-06;-821.129242940869;426.90278893385;0.000113685462565627;-1.92558900380391E-06;0.00369170773774385;-0.00225610518828034;0.00438353000208735;-0.000696446397341788;3.18450798139011;210.046081542969;0.127464477178548;7685.52207946777;0;4.18797792721875;4.03626247614045;11.2307900998508;7.66266059875488;362.289294654038;-8.19173285163432;-4.67464456963651;-2.528784438702;3.21817945872337;0.000359011213396795;0.278006077415301;55.4251421128605;0.0569314777831337;0.00102865154364714;-0.00138603741926893;0.531894683837891;0.373886346817017;0.588925123214722
00:04:00;17194.8780806577;28.6020355224609;-81.7094192504883;0.0841039791703224;0.615320542314724;90.4267044067383;4.86222461404395E-06;-810.709298600899;416.119651322612;0.000116729308501817;-2.26299925998319E-06;0.00371325691230595;-0.00226317020133138;0.00441277120262384;-0.000698373420163989;3.1385108011441;209.63639831543;0.147118831265353;8853.28769683838;0;5.69890640484296;5.06856631385923;12.7282720997793;8.8271598815918;363.728661765181;-8.19415511661545;-4.67590615326012;-2.52881733582417;3.17650466056384;0.000361070535434676;0.272842048530876;62.2185203420523;0.0569314777831337;0.00106530054864968;-0.00140364629228725;0.589380741119385;0.413020968437195;0.645050764083862
00:04:01;16342.1875858353;28.6020050048828;-81.7138671875;0.0841039791703224;0.681928019164244;90.4317932128906;2.9173345410527E-06;-797.987467921423;404.298288293974;0.00011468797310954;-3.29008776134287E-06;0.00374201708473265;-0.00227051344700158;0.00445488933473825;-0.000687102612573653;3.07898547831693;209.883697509766;0.168964566547193;10179.91065979;0;7.23628512484073;6.11336418251825;14.2171163455414;10.1503047943115;365.150053060131;-8.19654138933258;-4.67715032358306;-2.5288578414282;3.11845162931482;0.00035999553659557;0.267273136897835;68.9716509602356;0.0569314777831337;0.00104370805867971;-0.00141493648993452;0.643558442592621;0.449660956859589;0.69647091627121
00:04:02;15504.2128297985;28.6019763946533;-81.7181701660156;0.0841039791703224;0.744440774500205;90.4375076293945;4.86222279505455E-06;-783.001216431176;391.488706105752;0.0001137198851211;-4.05142282033921E-06;0.00378534430637956;-0.00228963000699878;0.00451211305335164;-0.000682947400491685;3.00546944925146;210.924209594727;0.192775552625809;11672.0733642578;0;8.73790817466018;7.12710994479358;15.6295132576984;11.6388788223267;366.531036992758;-8.19888490261785;-4.67837350847449;-2.52890562404423;3.04276764134146;0.000361804520431367;0.26310331467602;75.3169841023885;0.0569314777831337;0.0010143445818452;-0.00145215380886997;0.695770502090454;0.48466569185257;0.744149446487427
00:04:03;14683.289215263;28.6019496917725;-81.7223358154297;0.0841039791703224;0.79974944427312;90.4440307617188;-9.72444240687764E-07;-765.884914083656;377.789008721238;0.000108490421553142;-3.54975554728298E-06;0.00383700197562575;-0.0023336389567703;0.00456658005714417;-0.000692994042765349;2.91873119447676;212.80940246582;0.218230952436321;13331.431388855;0;10.1431093537387;8.06801641167727;16.9023257680577;13.2946128845215;367.84777136462;-8.20117915457853;-4.67957226707988;-2.52896031041435;2.95085868383783;0.000360835758741862;0.258900668289262;80.935866916979;0.0569314777831337;0.00103102099480078;-0.00143610292684759;0.739802718162537;0.513835251331329;0.782195687294006
00:04:04;13881.5767497737;28.601921081543;-81.7263488769531;0.0841039791703224;0.847575798869911;90.4510803222656;1.9448877992545E-06;-746.820444462471;363.318821183483;0.000108140928205103;-2.58912314166082E-06;0.00390613661147654;-0.00239068642258644;0.00463902810588479;-0.000716883863788098;2.82364546976324;215.023239135742;0.245559315412844;15156.9366455078;0;11.4374348481319;8.92649594448136;18.0234101282721;15.1165142059326;369.077589499624;-8.20341813891234;-4.68074341072024;-2.52902149243884;2.84887065499211;0.000361181593141779;0.255400986521536;85.796729978208;0.0569314777831337;0.000977260248166369;-0.00146163348945357;0.778008580207825;0.538763761520386;0.812857210636139
00:04:05;13101.0390426759;28.6018943786621;-81.7302017211914;0.0841039791703224;0.88693978107806;90.4588394165039;5.83466226089513E-06;-726.000842473022;348.200346234654;0.000108166772406548;-3.4401257380523E-06;0.00398012809455395;-0.00242732977494597;0.00473342323675752;-0.000717754010111094;2.72224434912359;217.4228515625;0.274712757904655;17145.637512207;0;12.6058302552812;9.6928978920424;18.9806480529998;17.1016368865967;370.201268951667;-8.20559640385415;-4.6818840344397;-2.52908873215771;2.73991766811628;0.000362479270874282;0.252333158729926;89.8025609377322;0.0569314777831337;0.000943449269307902;-0.00147282530302857;0.809217095375061;0.558669686317444;0.835081279277802
00:04:06;12343.4158028178;28.6018695831299;-81.7338943481445;0.0841039791703224;0.916782532829933;90.4673767089844;-2.91733044832654E-06;-703.655346623104;332.570203942929;0.000106219900771976;-4.97914425068302E-06;0.00406727939844131;-0.00246512820012867;0.00484881410375237;-0.000709712854586542;2.61569896774837;220.002365112305;0.305489081157553;19292.6845550537;0;13.6235761061407;10.3506786762209;19.7524701012186;19.2452087402344;371.204296593537;-8.2077091291259;-4.68299155809716;-2.52916156818756;2.6259178679122;0.000360790606094373;0.249178680058627;92.8454925596794;0.0569314777831337;0.000931089978637097;-0.00150142338513433;0.830740630626678;0.571868240833282;0.847137033939362
00:04:07;11610.1850891402;28.601842880249;-81.7374114990234;0.0841039791703224;0.936136868166939;90.4766235351563;9.72443217506225E-07;-680.048007854801;316.577692880492;0.000112407375127077;-6.38402661934379E-06;0.00416425708681345;-0.00250420765951276;0.00497707072645426;-0.000713461777195334;2.50530338415036;222.751754760742;0.337638671581906;21589.5175933838;0;14.466045786437;10.8835683317955;20.3190091100159;21.5387306213379;372.077209001011;-8.20975223128195;-4.68406378248528;-2.5292395242372;2.50823895560031;0.000362766940252596;0.246540640390458;94.8271279597627;0.0569314777831337;0.000932275694307836;-0.00152477667903377;0.844543039798737;0.579535305500031;0.849951922893524
00:04:09;10902.5278990446;28.6018199920654;-81.7407531738281;0.0841039791703224;0.944884510977196;90.4865036010742;-4.86221506434958E-06;-655.471310495381;300.380757714642;0.000108426916995086;-5.91609932598658E-06;0.00427506677806377;-0.00258490303531289;0.0051016453653574;-0.000733551860321313;2.39242953728139;225.657516479492;0.370883031903361;24024.6124267578;0;15.1174752765836;11.2820526969089;20.6702861084101;23.9707298278809;372.815239758857;-8.2117224621794;-4.68509894210698;-2.52932211901988;2.38868027126526;0.000362145654432542;0.243950867685346;95.7333668678445;0.0569314777831337;0.000907232257930251;-0.001578208193386;0.848522961139679;0.580505609512329;0.843115448951721
00:04:10;10221.3103939304;28.6017951965332;-81.7439117431641;0.0841039791703224;0.943586382668814;90.4971008300781;-2.91732862933713E-06;-630.223972462598;284.134910172204;0.000117076844617259;-4.512439318205E-06;0.00439902720972896;-0.00267609092406929;0.00523703778162599;-0.000780913920607418;2.27842927425276;228.703430175781;0.404933051315425;26584.3181610107;0;15.5754744800956;11.5451316521176;20.8104304158964;26.5276069641113;373.417379766944;-8.21361745796543;-4.6860957321211;-2.52940887569723;2.26908665373944;0.000362383201142856;0.241494652843718;95.6202642048407;0.0569314777831337;0.000895039094602381;-0.00161359498494037;0.843990862369537;0.575596868991852;0.827453434467316
00:04:11;9567.08396306913;28.6017723083496;-81.7469100952148;0.0841039791703224;0.933152103784667;90.5082015991211;-3.88977014154079E-06;-604.59982947511;267.987816806581;0.000122606390505098;-4.41263455286389E-06;0.00453041028231382;-0.00275750225409865;0.00539191998541355;-0.000809382472652942;2.16458344811859;231.871322631836;0.439499455618831;29253.3092498779;0;15.8433589788571;11.6764709313118;20.7495632694988;29.1940479278564;373.885185418888;-8.21543573810959;-4.68705330906136;-2.52949933012794;2.15098978343559;0.000363194087585362;0.23900032933081;94.5794495054291;0.0569314777831337;0.000871389137294697;-0.00164996592988219;0.831284880638123;0.565089046955109;0.803605437278748
00:04:12;8940.09505878575;28.6017513275146;-81.7497253417969;0.0841039791703224;0.914757843409314;90.5199813842773;-5.83465453019016E-06;-578.879282264391;252.075403234387;0.000123856851132587;-3.54967187377042E-06;0.0046707047149539;-0.00285819335840642;0.00554908951744437;-0.000844627735204995;2.05206437378234;235.141952514648;0.47431052336422;32015.6631469727;0;15.9303085374226;11.6830840120686;20.5032192125925;31.9541473388672;374.221784725396;-8.21717667699053;-4.68797127714851;-2.52959303823835;2.03562952117797;0.000362766467737878;0.236786687216371;92.7296651757242;0.0569314777831337;0.000838783259105269;-0.00171821383543641;0.81236457824707;0.550462961196899;0.774399816989899
00:04:13;8340.29781441391;28.6017284393311;-81.7523727416992;0.0841039791703224;0.889791028768172;90.532341003418;-3.88976832255139E-06;-553.35178250161;236.531532950035;0.000120819342555478;-3.4013542062894E-06;0.00481916172429919;-0.00295809400267899;0.00572106940671802;-0.000867408234626055;1.94202168901906;238.495742797852;0.50911681712487;34855.2093505859;0;15.8017170948732;11.5426631462127;20.0457183574957;34.7917327880859;374.431186158657;-8.21884046750297;-4.68884967041237;-2.52968958316337;1.92404518952505;0.000362556885360092;0.232440240332086;90.2107210079413;0.0569314777831337;0.000795458415370226;-0.00176611854114121;0.780570209026337;0.52717250585556;0.733418643474579
00:04:14;7767.22128381301;28.6017093658447;-81.7548522949219;0.0841039791703224;0.860565483731488;90.5452575683594;1.9448841612757E-06;-528.551125272122;221.5870461914;0.00013412295083981;-1.75272680280614E-06;0.00497840903699398;-0.00307222828269005;0.00589672802016139;-0.000927964167203754;1.83643064613144;241.904754638672;0.543729648385562;37756.9618225098;0;15.2675416812054;11.1275365407609;19.2097876625119;37.6917762756348;374.51814720343;-8.22042848755863;-4.68968914761734;-2.52978860700212;1.81793330208715;0.00036313835733617;0.219313979592352;87.2548501543469;0.0569314777831337;0.000806148199199686;-0.00185102503797008;0.716826736927032;0.482410252094269;0.66359269618988
00:04:15;7219.81885220762;28.6016883850098;-81.7571792602539;0.0841039791703224;0.829748523071838;90.5587692260742;-4.86220915263402E-06;-504.938969810829;207.429869521099;0.000136991264298558;2.34508817698043E-07;0.00513402093201876;-0.00319701246917248;0.00606198329478502;-0.000980915734544396;1.73716499638096;245.261352539063;0.578225533150067;40709.5222473145;0;14.48405293157;10.5462852289969;18.1556821117781;40.6427993774414;374.489089590371;-8.22194371459888;-4.69049121346881;-2.52988985170383;1.71905876681027;0.000365911397478875;0.198919172275433;84.1335457977174;0.0569314777831337;0.000785223762096645;-0.00197043266127022;0.631143033504486;0.423053652048111;0.574894905090332
00:04:16;6696.70768340211;28.6016712188721;-81.7593536376953;0.0841039791703224;0.798774352328627;90.5729064941406;0;-482.707901103516;194.125834934321;0.00014104119327385;4.11113944664976E-07;0.00528742838650942;-0.00329488958232105;0.00624154880642891;-0.00101227965205908;1.64483177818397;248.515975952148;0.612639200806633;43704.7576904297;0;13.6101594565395;9.90701655159661;17.0378145782927;43.6366233825684;374.352176833775;-8.22339005822687;-4.69125786841535;-2.52999313497709;1.62778024458699;0.000367707532897523;0.177128984876795;80.9951019845876;0.0569314777831337;0.000770904502286598;-0.00206640882536037;0.544620931148529;0.363572388887405;0.488186180591583
00:04:17;6196.3974175863;28.6016521453857;-81.7613830566406;0.0841039791703224;0.767860807123316;90.587646484375;-2.9173243092373E-06;-461.879889772699;181.666617182662;0.000145524521940388;-8.20874845430808E-07;0.00543509889394045;-0.00336940633133054;0.00642745476216078;-0.00102600501850247;1.55932447194221;251.646545410156;0.646979025529549;46735.9199523926;0;12.7524183544376;9.28195388041262;15.9551164765782;46.6664962768555;374.116730968476;-8.22477172441253;-4.69199127363554;-2.53009831842038;1.54329141070605;0.00036991006921731;0.154632585761925;77.8624303034217;0.0569314777831337;0.00076773260604158;-0.00218656204153152;0.460187375545502;0.305860877037048;0.405630111694336
00:04:18;5717.50100132544;28.601634979248;-81.7632904052734;0.0841039791703224;0.736940921093298;90.6029968261719;-1.94488234228629E-06;-442.223062203698;169.943411384631;0.000149143219459802;-5.57385192223592E-07;0.00557694910094142;-0.0034614244941622;0.00659252842888236;-0.00105600652750582;1.47965850575796;254.637420654297;0.681252139799619;49796.6041564941;0;12.1059884315136;8.80119080706899;15.07702639258;49.7260093688965;373.792693530343;-8.22609263157488;-4.6926934418185;-2.53020526787546;1.46464987506499;0.00037098577065215;0.134767272443892;74.730022595654;0.0569314777831337;0.000755512397516237;-0.00229200934014909;0.387449771165848;0.256391048431396;0.336006253957748
00:04:19;5258.9699180834;28.6016178131104;-81.7650756835938;0.0841039791703224;0.705401444351214;90.6190719604492;-6.80708853906253E-06;-423.380237959627;158.804846592476;0.000154637760715559;-4.05764808419917E-07;0.00571657298132777;-0.00354904634878039;0.0067565138451755;-0.00108633749186993;1.4044685390199;257.4765625;0.715449256468448;52879.3563842773;0;11.6991247859724;8.48200931661264;14.4187898858082;52.8077430725098;373.389367582354;-8.22735576182326;-4.69336589184198;-2.53031379759292;1.39052453168826;0.000373017505215594;0.114710441105159;71.5361132994538;0.0569314777831337;0.000751119454879587;-0.00241056673333055;0.317942917346954;0.209346145391464;0.270821690559387
00:04:20;4820.43691280298;28.6016025543213;-81.766731262207;0.0841039791703224;0.670080288715537;90.6357650756836;-4.86220460516051E-06;-404.041036265882;147.757564452487;0.000162703770911321;-3.27757277318597E-07;0.00587236229330301;-0.00364415044896305;0.00694080907851458;-0.00112118839751929;1.32914930857792;260.152496337891;0.749512517297111;55972.7325439453;0;12.7345584034538;9.11817582609182;14.9732446116763;55.9004440307617;372.914436054406;-8.22856222023816;-4.69400914534265;-2.53042357277628;1.31724051117837;0.000374000843553304;0.0976272600868339;67.9731148160451;0.0569314777831337;0.000751284904789687;-0.00255797171232231;0.258868128061295;0.169588074088097;0.216709867119789
00:04:21;4403.99679691903;28.6015872955322;-81.7682723999023;0.0841039791703224;0.622147264403477;90.6530685424805;-3.88976377507788E-06;-381.449644898526;135.821850073289;0.000168453188962303;-8.85377630766016E-07;0.00608963705599308;-0.00377147039398551;0.00720263225957751;-0.00115602533333004;1.24472023327532;262.643371582031;0.783180290360312;59046.9970703125;0;15.4304869831588;10.842760345481;16.8503099307658;58.974796295166;372.371139307666;-8.22970634469258;-4.69462011300313;-2.53053362222138;1.23572735142383;0.000374663796885378;0.0802272024932359;63.1448487194776;0.0569314777831337;0.000725150905982207;-0.00275716944390442;0.199043318629265;0.129631832242012;0.163589581847191
00:04:22;4013.41855132487;28.6015739440918;-81.7696762084961;0.0841039791703224;0.561429514863295;90.6709060668945;3.88976286558318E-06;-355.671433557045;123.090239315737;0.000184684686246328;-4.87952434014005E-07;0.00638251658529043;-0.00395321333780885;0.00754693616181612;-0.00122559815645218;1.151792915991;264.922790527344;0.816013851164218;62056.3850402832;0;17.2168156885743;11.9555716388324;17.9018087208079;61.9851379394531;371.75562754442;-8.23077789234428;-4.69519324790867;-2.53064245587402;1.14502012585751;0.000375638717493368;0.0660060611958425;57.0083040450963;0.0569314777831337;0.000718167512800411;-0.00304585415970369;0.148902133107185;0.09636639803648;0.120156548917294
00:04:23;3650.06940451451;28.6015605926514;-81.7709426879883;0.0841039791703224;0.501780260997173;90.689323425293;-5.83464361625374E-06;-331.189932056563;111.165532452569;0.000197719025891274;-2.07304708510492E-07;0.00668631494045258;-0.00414264854043722;0.00790434144437313;-0.00129214522894472;1.0651825491236;266.983978271484;0.84772709513486;64969.7036743164;0;14.8807377151999;10.3631263795687;15.641089050401;64.8996200561523;371.06349770769;-8.23177323625284;-4.69572652603386;-2.5307491532469;1.05790092186369;0.00037731867528865;0.0578624060700443;50.9406966401915;0.0569314777831337;0.000727165173958577;-0.0032871902899573;0.117480494081974;0.0755793377757072;0.0929947346448898
00:04:24;3308.50144324452;28.6015472412109;-81.7720947265625;0.0841039791703224;0.465419310456839;90.7084655761719;-1.94488097804424E-06;-315.138441081415;102.39235711213;0.000202797280508094;-8.04471198989631E-07;0.00685070920735598;-0.0042358017526567;0.00810430385172367;-0.00131752796005458;1.00728589894385;268.861175537109;0.878638310001368;67812.2024536133;0;8.26099215994428;5.99378033086227;10.1551001721401;67.7422027587891;370.300967352851;-8.23270742480682;-4.69622792762711;-2.53085479138377;0.997244909718968;0.000377621919270806;0.0557139676502977;47.2034605274779;0.0569314777831337;0.000731864941499351;-0.00344878717155033;0.105631224811077;0.0676209256052971;0.0817832127213478
00:04:25;2979.66244809143;28.6015357971191;-81.7731704711914;0.0841039791703224;0.45086382955148;90.728515625;0;-306.316933068696;96.2189786120451;0.000206127340788953;-4.44846193659032E-07;0.00685901753604412;-0.00424399366602302;0.00811144709587097;-0.00132657855283469;0.973166352087837;270.606018066406;0.90947035559715;70647.3083496094;0;4.20223351794692;3.31906242274071;6.82094252187817;70.5763320922852;369.488933664565;-8.23360533043324;-4.69671072974672;-2.53096172065338;0.96161768539878;0.000378210924686784;0.0550098085439598;45.6987198992608;0.0569314777831337;0.000730004398636298;-0.00348749630157683;0.10174548625946;0.0648354515433311;0.0769994333386421
00:04:27;2657.96606607828;28.6015243530273;-81.7741928100586;0.0841039791703224;0.447368455216619;90.7496032714844;9.72440261648444E-07;-301.155944657886;91.384827075711;0.000203229457838461;-1.17865795346006E-06;0.00678263884037733;-0.00418635131791234;0.00802797265350819;-0.00130308629013598;0.951161015077496;272.247192382813;0.940717443539957;73517.7536010742;0;2.23151453946356;2.01371704169692;5.16335928077356;73.4452133178711;368.650652904214;-8.23448229941047;-4.69718312741769;-2.53107141600092;0.938988377815731;0.000378604235197178;0.0538827928480147;45.3299813099985;0.0569314777831337;0.000699323784189229;-0.00349704039039206;0.0995821878314018;0.0631674602627754;0.0736977830529213
00:04:28;2340.66408753954;28.6015129089355;-81.7751617431641;0.0841039791703224;0.449347129995597;90.7720642089844;-1.94488029592321E-06;-297.783226424425;87.2494754315048;0.000197223809664138;-5.31820489868551E-07;0.00666611595079303;-0.00412539020180702;0.00788356363773346;-0.00128452735953033;0.935236818832208;273.796112060547;0.972655372183709;76446.1975097656;0;1.27652430331919;1.37199167703424;4.30592625951393;76.3717651367188;367.803263516961;-8.23534589908724;-4.6976491517382;-2.53118454748367;0.922855825696657;0.000378900794867002;0.0527802663730442;45.5230927927659;0.0569314777831337;0.000705605930303218;-0.00345629062462004;0.0986543521285057;0.0622999332845211;0.0714097917079926
00:04:29;2026.40974488389;28.6015014648438;-81.7760848999023;0.0841039791703224;0.454021186890919;90.7957534790039;4.86220051243436E-06;-295.283041375848;83.5079163689546;0.000196943670744076;-9.76220007942175E-07;0.00652574794366956;-0.00402913894504309;0.00772271398454905;-0.00125715136528015;0.92245528178664;275.255859375;1.00544666747127;79444.7555541992;0;0.832246467179808;1.06269983036423;3.84316129756108;79.3682403564453;366.958513121681;-8.23619986102594;-4.69811077730838;-2.53130136801241;0.909963495082929;0.000378731089459582;0.0517480421205685;45.9934967889564;0.0569314777831337;0.000684445642399678;-0.00342428516019199;0.098377637565136;0.0618615858256817;0.069694310426712
00:04:30;1714.56594718806;28.601490020752;-81.776969909668;0.0841039791703224;0.459675243532393;90.8209228515625;1.94488029592321E-06;-293.165757329171;80.0026350101708;0.000186022880370729;1.4673786097319E-07;0.00637507624924183;-0.00395681289955974;0.00753258913755417;-0.00123218772932887;0.91125105142114;276.625640869141;1.03919235341218;82519.7677612305;0;0.676468327935747;0.940299719866411;3.5975582842407;82.4410858154297;366.122386150056;-8.2370459771366;-4.69856893716001;-2.53142190893402;0.898386034258436;0.000379606594356336;0.0506875001643356;46.5654774164154;0.0569314777831337;0.000683316883186252;-0.00336563428733301;0.0982210338115692;0.0614932775497437;0.0680403187870979
00:04:31;1404.89156035893;28.6014804840088;-81.7778167724609;0.0841039791703224;0.465536957536992;90.8476333618164;5.83463906878023E-06;-291.168019062106;76.6517550803033;0.000180605464265682;4.84690588109515E-07;0.0062257582321763;-0.00386994471773505;0.00735269207507372;-0.00120559241622686;0.900792881567679;277.902526855469;1.07395665039336;85673.9654541016;0;0.648397530333698;0.900494120116943;3.44729569652148;85.5930786132813;365.296812402766;-8.23788495902875;-4.69902398301965;-2.5315460705494;0.887292977920661;0.000379714290502637;0.0495938968764962;47.15921740297;0.0569314777831337;0.000659954209455931;-0.00330602938078972;0.0979359969496727;0.06106286495924;0.066415823996067
00:04:32;1097.29146282561;28.601469039917;-81.7786331176758;0.0841039791703224;0.471542772430616;90.8758544921875;9.72439693214255E-07;-289.249684800711;73.4390852996326;0.000176447923877276;-6.70069709940435E-07;0.00607266370207071;-0.00375729124061763;0.00718289706856012;-0.00116481492295861;0.890945570826066;279.083160400391;1.10979344885046;88908.935546875;0;0.62557743070511;0.864951016887408;3.30598675171483;88.825798034668;364.48112617431;-8.23871711937102;-4.69947605227859;-2.53167370642139;0.876597592361865;0.000379175168066703;0.0484803140073946;47.767410993961;0.0569314777831337;0.000659880212960707;-0.00325301308050679;0.0975313410162926;0.0605754517018795;0.0648237615823746
00:04:33;791.686371210963;28.6014595031738;-81.779411315918;0.0841039791703224;0.47776309029864;90.9057312011719;1.94487938642851E-06;-287.401202067626;70.3573980510186;0.000167970865732059;-7.61337730637024E-07;0.00591909280046821;-0.00366319692693651;0.00700153131037951;-0.00112956308294088;0.881664312777931;280.164154052734;1.14675924835629;92226.2268066406;0;0.608971366026611;0.834182513643223;3.17386558154068;92.1407852172852;363.674677671472;-8.23954272571179;-4.69992525917827;-2.53180467130994;0.866342518530582;0.000379949898006421;0.0473067536716672;48.3972177257374;0.0569314777831337;0.000641346644307199;-0.00320460040444065;0.0969997569918633;0.0600000061094761;0.0631099045276642
00:04:34;488.008600306697;28.601448059082;-81.780158996582;0.0841039791703224;0.484259952375798;90.9375;-9.72439579527418E-07;-285.61041084278;67.3992535180135;0.000163416625582613;-1.43639454108779E-06;0.00577114429324865;-0.00356121454387903;0.0068331528455019;-0.0010941595537588;0.872897804077599;281.142211914063;1.18492276913738;95628.1433105469;0;0.600439485867521;0.809305216535876;3.05157114543073;95.5403289794922;362.877828034993;-8.24036201217674;-4.70037170100974;-2.53193882213281;0.856554887478514;0.000379747527079107;0.0461576018610924;49.054926595607;0.0569314777831337;0.00062659935124987;-0.00315517491437449;0.0964469984173775;0.0594341419637203;0.0615196339786053
00:04:35;186.204439640976;28.6014385223389;-81.780876159668;0.0841039791703224;0.49108471496394;90.9710083007813;0;-283.863241057296;64.5571381507627;0.00015644721861463;-1.7664098095338E-06;0.00561730936169624;-0.00346222473308444;0.00665410608053207;-0.00105837569572032;0.864590364749119;282.014099121094;1.22435706881872;99117.0883178711;0;0.601367242884818;0.790997696255741;2.93957342143783;99.0268325805664;362.091770785202;-8.24117517322336;-4.70081545460574;-2.53207601629493;0.847248972016413;0.000380155130501839;0.0449974196970407;49.7457785629341;0.0569314777831337;0.000605581949536736;-0.00310677807981617;0.0958578363060951;0.0588466413319111;0.0599213279783726
